total_dd,region_name,viirs_mean_settled,area_km2,built_up_mean,urban_share,viirs_sum_rad,viirs_sum_settled,cdd,country,lit_area_fraction,latitude,population,year,consumption_per_capita_kwh,pop_density,built_up_sum,consumption_gwh,viirs_mean_rad,viirs_settled_pc,smod_urban_pct,hdd,log_consumption,log_consumption_pc,log_viirs_sum,log_viirs_mean,log_viirs_sum_settled,log_viirs_mean_settled,log_viirs_settled_pc,log_population,log_built_sum,log_built_mean,log_pop_density,log_area,log_hdd,log_cdd,log_total_dd,consumption_per_km2
4099.700639518518,New York,15.015510941753028,141305.7411448846,95.2226508138524,0.0179616785878002,1382674.1523378063,738184.599530317,183.16624434581388,US,0.3838294553442548,42.92028194090277,19790368.457536884,2019,7357.131592694029,140.0535342526903,53695465.02745098,145600.34501,1.7953690628317032,0.0373001948454976,0.0219925142996042,3916.534395172705,11.88862078431609,8.90342540650521,14.139529973586452,0.5852106068405933,13.511949207169028,2.709083729611109,-3.288756728606129,16.800705935775156,17.7988391057724,4.556217842213709,4.942024737037046,11.85868119873811,8.273217754069796,5.215838851576267,8.318913125780204,1.0303922815189228
3973.858580381557,Nevada,39.043730690578464,286376.97338622576,14.382781804994522,0.0049374939164718,809362.0449850435,359804.2082566343,494.97575009585887,US,0.0348013854442141,39.35276396744903,3174517.9431339805,2019,11649.764365007768,11.085101939577484,16586873.45882353,36982.38601,0.542359723051133,0.1133413685800196,0.0037149755708782,3478.882830285698,10.518197024493,9.363041232609705,13.604001617545856,-0.6118258020247601,12.793315296529766,3.664682317701041,-2.1773510533178047,14.970666349847573,16.624122185022173,2.666031783166316,2.4056020391989703,12.5650643106486,8.154753902743558,6.206527034593958,8.287744449193045,0.1291388255581682
7168.2228749300375,Alaska,47.239918150664025,1724223.1200980467,0.2192067295305124,0.0001135098895567,15889590.50788016,121737.2690742612,0.0,US,0.7906516743457181,63.74267388222731,761458.7068038833,2019,7641.655388541845,0.4416242294446112,1504215.0,5818.80503,1.0214731676026552,0.15987376332623,7.401253412835428e-05,7168.2228749300375,8.668850198338337,8.94136953258308,16.581174767751644,0.0212458672875192,11.709620469352252,3.855239258699888,-1.8333707543672773,13.54299122371953,14.2237817254029,-1.517740023966603,-0.8172959181226659,14.360287141842196,8.877552542075172,0.0,8.877552542075172,0.003374740172646
4727.04135549213,Vermont,3.844648741907352,24903.23918627152,20.776674602207382,0.0042667229189899,74529.40528025353,14276.16078720484,155.70962633288806,US,0.1601345078285651,44.07626689376779,641130.7963584511,2019,8465.767080334472,25.744875659062423,2073803.9764705887,5427.66399,0.5362581308566634,0.0222671580717878,0.0010031592829684,4571.331729159242,8.59926411594362,9.043785908339354,11.218949028241775,-0.6231396464181905,9.566346347309644,1.3466822442740882,-3.804642418258899,13.370988765568542,14.544895148584748,3.0338309440974207,3.2482356037743587,10.122753161794185,8.42777857896659,5.054394579082586,8.46126630597918,0.2179501208417949
3565.114404327377,Connecticut,8.279437342101637,14358.121116658893,260.7559654875429,0.0307654493214399,262301.55489939195,155696.11795349058,363.2821226449294,US,0.8379509157852223,41.572846843155226,3632375.5618466698,2019,7680.922725351636,252.9840452196935,15038299.635294115,27899.996,3.400989495358768,0.0428634416520344,0.0397412530998834,3201.8322816824475,10.23638182444027,8.946494965454862,12.477250093780178,1.2240664173283649,11.955661424649929,2.1137750122357413,-3.1497359922997554,15.105397416949684,16.526110813930682,5.563584971807264,5.533326424366252,9.57207099258343,8.071790785354143,5.897928629642478,8.179231879884739,1.9431509020793296
2919.074455181713,Delaware,14.45483086100934,6445.906903761294,188.02048344207407,0.0331079529355622,122906.94992879324,65027.409081116144,824.9233165185292,US,0.8321126284704727,38.994277642410914,991908.8306653608,2019,11562.980019349608,153.88196656805042,4795617.270588234,11469.42199,3.7390363808554143,0.0655578487364574,0.026977380024723,2094.151138663184,9.347439815653985,9.355563896145942,11.71918284341656,1.318827926050719,11.082564138167536,2.671028674328204,-2.724822339304781,13.807386477472315,15.383212990149596,5.236550911373959,5.036185857683186,8.77120061978913,7.647380972314081,6.716501932066706,7.979364393287152,1.7793341047645912
3179.1033404413843,New Mexico,13.9727217158802,314925.1233446774,11.133258896975788,0.0042795376785453,869117.4359118697,153240.26372772327,683.6086845737532,US,0.0771632726473413,34.421892012191925,2168792.651114393,2019,11471.882287693945,6.886693027474679,14123667.51764706,24880.134,0.5647894898327681,0.0706569453050219,0.0018462486916492,2495.494655867631,10.121824932690702,9.347654301951154,13.675233534256147,-0.5713022016292788,11.939762319824087,2.6371069800537272,-2.649918868879734,14.58968118870382,16.463362495513113,2.409936925391816,1.9295910028197367,12.660090185884084,7.822642889288516,6.528847411633142,8.064668972240353,0.0790033317626721
2524.015405757568,North Carolina,10.164636320639277,139389.39977648458,93.7427224969566,0.0140427178801291,1392602.7791305913,647964.951947835,1027.1328706361023,US,0.5927027776671876,35.52666737058685,10821309.242889017,2019,12608.042885351935,77.6336598065659,52666666.49019608,136435.53101,2.0171077916315308,0.0598786096399223,0.0077094639797504,1496.8825351214653,11.823607481745196,9.442090213531593,14.146685057130265,0.7016646991066096,13.38159188737143,2.318914668834696,-2.815435938806451,16.19702782617788,17.779493298972422,4.540554035138283,4.352001093536219,11.845026732641662,7.3118077465309375,6.935499689254383,7.834002442980974,0.9788085121880056
4590.440969722307,Wisconsin,15.797238341299243,169635.7716748504,44.862693712808266,0.0130544970193086,1160772.9464298757,465256.2988308715,179.2253061945953,US,0.3751209648568887,44.64051754749888,5896096.6720318375,2019,11729.3768804791,34.75738998808099,30376450.21568628,69157.53999,1.2196701583182776,0.0789092046332647,0.0071694944619067,4411.215663527712,11.144142369326548,9.369851818367716,13.9645966743104,0.198580460156563,13.05034371300688,2.7598351362302624,-2.5394573959162288,15.589801108923108,17.22917820221159,3.803606574387129,3.5483922109290544,12.041408897994051,8.392132260304704,5.194207769246588,8.43194919054543,0.4076825265519929
3805.504312742324,Oregon,10.346007504635809,254799.42321105863,21.33811508961993,0.0045301333325168,654709.3173585287,210955.0524469457,127.9230856755918,US,0.066118687037489,43.94030633304438,4338474.399527888,2019,11617.997790994226,17.02701813392328,21724328.27843137,50404.38599,0.4630093558444516,0.0486242473782723,0.0053715287075644,3677.581227066732,10.827833473884237,9.360310708415966,13.39194662582101,-0.770008018092607,12.259400368187428,2.3366006969469804,-3.023632955245117,15.283033323432544,16.893943309348025,3.060494914400798,2.834801384447823,12.44823193898472,8.210282420701647,4.859215991469925,8.244466543739799,0.1978198590671393
4249.173837726075,Nebraska,25.131031775712326,200328.9080790924,14.0331772743734,0.0050190867848452,670601.9722551021,206078.89544880152,521.3965130730236,US,0.1026379560260061,41.52726462929466,1976512.768265684,2019,15372.119268756414,9.866338249521789,11197709.858823529,30383.19001,0.6288141778507308,0.1042638827117864,0.002876000648146,3727.777324653052,10.321644774258072,9.640310710486045,13.415931054040511,-0.4639194906487944,12.236014362066223,3.224103408242004,-2.2608302596700804,14.496844621736305,16.231219838466316,2.6414243313674226,2.2891287865864896,12.207715835149816,8.223835663902156,6.258426903118014,8.354715164076328,0.1516665283175423
2364.658500292977,Georgia,13.080745654872876,153904.9952472859,82.44556440384656,0.0145204513503521,1475899.9797937942,737081.2942318355,1441.926301346046,US,0.4675858005234034,32.63821319494925,10889666.159820875,2019,12792.034938956418,70.75576814335345,50930938.49019609,139300.98999,2.0106945492723507,0.0676863076805248,0.0076450810334713,922.7321989469308,11.844392266634244,9.4565779858231,14.2047785174791,0.6984802092850703,13.510453469337843,2.571141351657479,-2.692871369437573,16.203324838775416,17.745981125751605,4.412138250152127,4.2592340617280415,11.944090777047377,6.828422201653926,7.2744284842513265,7.768811697811874,0.9051102582224768
2412.719233267685,Alabama,11.215319852489884,135767.16943853823,51.03678205554175,0.0086463798851462,933184.0299455904,346369.32025141706,1403.9260127454686,US,0.4763722020145117,32.75706416685853,5021845.73198963,2019,17542.377187898437,36.98866046009023,27766105.74901961,88095.11201,1.4421430695188753,0.0689725130433641,0.003679000469343,1008.7932205222164,11.386172328092222,9.772374786269584,13.746357705765652,0.3661302499736794,12.755260884344562,2.417280687626997,-2.6740472154423496,15.429308099786912,17.139326617149177,3.932546589547816,3.6106113916198392,11.818696708167073,6.917500856718595,7.247739920413624,7.788924087216199,0.6488690334660077
4286.817571638014,Utah,19.35827224651037,219885.0687192481,19.39748718310576,0.0069877187355726,630788.9381093618,226736.07908844308,432.0773796233981,US,0.0651762762551819,39.32393234338717,3281453.688973214,2019,9490.47829766712,14.923494842494346,17032169.08235294,31142.56502,0.5554813645100186,0.0690962300794774,0.0050060881569996,3854.7401920146153,10.346330812580176,9.1580442905096,13.354726597628993,-0.5879202177018636,12.331541972877496,2.9631198344006227,-2.672255107157355,15.003797080034852,16.65061441284019,2.9651435310359493,2.702936806119076,12.300860273915776,8.257318275870894,6.070916417864215,8.363533157917917,0.1416311039280398
3392.104119045061,Ohio,16.084112766487397,116098.16824444884,127.40521148979192,0.0258797747223132,1710578.7170171803,900141.8834556412,508.2452580789191,US,0.7188149707256131,40.41497157330889,11911519.911219204,2019,12468.763109744745,102.59868946544508,59289095.86274509,148521.92005,2.798423576993414,0.0755690197527031,0.0208397246971471,2883.858860966142,11.908487836095953,9.43098184447982,14.352342302228188,1.0290562504158822,13.710307678165307,2.777832000107652,-2.582708871415097,16.293016549580404,17.89793596616173,4.847372648814694,4.630825159413814,11.66219139016659,7.967231256069982,6.232929743485593,8.129500450739895,1.2792787543148982
3038.0198457776705,Oklahoma,15.869108446357275,181037.8898244446,32.72097373569542,0.0103563069282784,971530.2400712715,334762.5765837764,1181.6271652731666,US,0.2885119494830827,35.584521446082405,4093659.347320819,2019,15828.367849515143,22.61216892933577,24256063.219607845,64795.946,1.0652560958487418,0.0817758753675653,0.0055744539377776,1856.392680504504,11.078998318654904,9.669559042664572,13.78662767451156,0.0632152358398465,12.721176832926178,2.7643743544068267,-2.503773001028431,15.224949833954607,17.004177173770106,3.48801627094013,3.118488209567721,12.106461624386885,7.526928998612976,7.0754936539272055,8.019290323259955,0.3579137276889036
2719.858141778582,Tennessee,12.849026506928691,109115.90763183804,81.0898383051634,0.0131919768004337,1098474.4368293171,517208.8406830464,988.2729795015224,US,0.5824788978250214,35.844337167253485,7011241.389504434,2019,14238.434314847644,64.25498849499265,35448621.56470588,99829.09999,2.0367699966723323,0.0737685114446763,0.0067694612722779,1731.5851622770604,11.511215002863608,9.56370022912102,13.9094328995568,0.7113652180920902,13.15620201908844,2.553268050255764,-2.6068233126184213,15.763025331706862,17.3835949262571,4.395557654937502,4.16285936270676,11.600165969000102,7.45736988557143,6.89697030921133,7.908702602833446,0.9148904330872438
5365.042735135366,Wyoming,16.03027038245182,253326.2345833666,3.3757208859842693,0.0015451244102739,552451.9082520436,54394.66782740057,119.24071097982728,US,0.0479148602550656,42.999607962786776,594022.8148706079,2019,28220.289844677904,2.344892607935252,3421484.5411764705,16763.49601,0.3983230862449866,0.091569997760522,0.0002683628062707,5245.802024155539,9.726958944765787,10.247796496249803,13.222121664697802,-0.9204918285235104,10.904021410161302,2.774478833756305,-2.390651596318956,13.294673006480258,15.045585091222286,1.2166088973633389,0.8522396046599072,12.44243340182035,8.5653740317295,4.789495658433119,8.587845995011882,0.0661735490505754
3722.607615152321,Massachusetts,11.38500405944356,27335.050211186528,233.3320788605404,0.0350069683801646,525965.6954915064,310379.3647278675,290.5516212797256,US,0.6351843396855791,42.16132440340084,7051938.693178633,2019,7279.785066716205,257.98155257431046,25471803.447058816,51336.59799,3.5708036427057754,0.0440133384920232,0.0461247285066635,3432.0559938725955,10.846159187913232,8.892856616952177,13.172991271896324,1.2727906804597109,12.645550585467504,2.4322970560763384,-3.123262543457827,15.768813128925329,17.053082651165052,5.452462670048873,5.552888080715293,10.215925048210035,8.14120610380315,5.675217078550407,8.222448266345067,1.8780502539187267
2886.1488963865954,Virginia,13.118405961808485,110786.24506826044,79.3719994715771,0.013033547526515,984772.77581394,498672.4351732307,824.6991736888757,US,0.4285664243394075,37.51217545341073,8708492.96578317,2019,13599.98572145013,78.60626524906112,34998391.54117647,118435.37999,1.7713524293355345,0.0572627706231814,0.0169864328938981,2061.44972269772,11.6821227742781,9.51782402183022,13.800166209089625,0.5717433391922457,13.1197047166423,2.5740162793212296,-2.8601045937698544,15.979809310412152,17.370812662431295,4.374145654565457,4.364451406806295,11.615357903605858,7.631649741037883,6.716230510682753,7.968024753111871,1.0690440850037528
3111.839768134223,District of Columbia,97.33435393014244,177.02598927640926,1988.8711981617976,0.4862289416846653,75463.25078107245,65405.63221426574,898.9186031059018,US,1.0,38.90437506345967,718811.49536703,2019,15342.55235354691,4060.4856852101766,1405281.792156863,11028.403,83.1215128297905,0.090991355363438,0.9965359506150908,2212.9211650283214,9.30822931482021,9.63838544657921,11.231401072116942,4.42030354717624,11.088363653221403,4.5781519991288535,-2.396990772983869,13.485354426205276,14.155748404452464,7.595322519674084,8.30905787234011,5.176296553865165,7.702520505149671,6.802304318240835,8.043290697267938,62.29821420616493
4359.163443056239,Iowa,18.172991535318232,145745.69267411742,29.257220386689724,0.0143970299737268,805553.8498680934,257200.28246698828,519.8315385861605,US,0.3110565073200006,42.07630860594456,3227163.654622536,2019,15816.721270669566,22.14242901735949,17153635.552941173,51043.14802,1.0195463339418551,0.0796985557576476,0.0039505956845125,3839.3319044700784,10.84042659362453,9.66882296767188,13.599285332087272,0.0193577577111381,12.457610369583678,2.8999365103156136,-2.5295038143332462,14.987114183916924,16.65772069470469,3.3761263940422124,3.0974956329771217,11.8896185509398,8.253314075302367,6.255426647021938,8.380264822579967,0.3502206280231608
2823.1668775564867,Arizona,19.78793502355724,295220.1422203217,39.1896625342331,0.0133000146723736,1097859.635400168,513207.9324102213,1080.311766283916,US,0.080137816202698,34.29105422319162,7480628.097175795,2019,10417.46348136476,25.33915213546991,46479216.70588236,77929.17002,0.764516166104874,0.068604925381062,0.0102340648146068,1742.8551112725704,11.263555616453674,9.251238857781924,13.908873056267948,-0.2685121078524545,13.148436368366092,2.98507240973147,-2.679390948269936,15.827827316636029,17.654515818082846,3.6684130011571927,3.2323507148016364,12.59547660183439,7.463853522618968,6.985930181501384,7.945968689486385,0.2639696920200037
2476.683812256548,Texas,23.21945021873046,695668.4522010344,53.10508939997809,0.0157331247876949,6296673.354463345,2527175.8236730155,1489.326221098176,US,0.3049890641896312,31.447077495558023,29774305.049977407,2019,14419.930315395415,42.79956199792315,148347753.56470588,429343.40401,1.9215781568627888,0.0848777433908548,0.0130999997466814,987.357591158372,12.970012353248256,9.576366578330411,15.655532012926011,0.6531468051176457,14.742612961976413,3.144990298932181,-2.466543370905706,17.209156332882117,18.81506976178029,3.972272769228975,3.756527868842002,13.452628464040115,6.896044566636245,7.306750315309913,7.815079456088352,0.6171667015394975
828.5261740897812,Hawaii,9.744711485093031,28411.82712878796,40.56527162783438,0.0134532029217319,63601.210445640616,26164.5503374748,763.6335836268283,US,0.0825812321908002,20.970610136111688,1461813.8651665782,2019,6466.546278737625,51.45089256457611,4560285.0,9452.88701,0.5273359766493371,0.0178986880347405,0.0133990955488548,64.89259046295282,9.154075477534738,8.774397439519959,11.060387781311263,-0.6399174067258483,10.172160733008903,2.2767247260659373,-4.02302786297015,14.195188595979053,15.332895679537526,3.702912321937869,3.94062781032348,10.254560785655574,4.188025999116534,6.639396743429852,6.720854663189077,0.3327095778511889
5445.6623747228905,North Dakota,32.05770150414987,183109.0281057011,5.902849734901183,0.0033432861487543,2001344.2063502967,129086.935221475,166.05427692385626,US,0.249992532041212,47.44614349065283,779234.1249024924,2019,27667.23674055954,4.255574577418835,4305269.3803921575,21559.25501,1.8537056389965705,0.1656587296374218,0.0009028032961598,5279.608097799034,9.97856047015876,10.22800420297881,14.50932961593918,0.6171866837704895,11.768241372809635,3.467537451041427,-1.79782545233459,13.566066825144224,15.275350267728852,1.7754352402173186,1.4482297887299345,12.11783703641429,8.571796540106444,5.118318771132049,8.602758291751,0.1177399893005535
2984.6668406876606,Kentucky,12.568508223389488,104650.90269017544,53.39037290281215,0.0097395702611151,765506.6247389718,299382.6052051509,907.0885583070864,US,0.493349973440546,37.52596909198903,4580646.404520079,2019,16448.63526808157,43.77072998673816,22386842.77254901,75345.382,1.4478052474681868,0.06535815663696,0.0077364237078688,2077.5782823805744,11.229837914850684,9.707997790325294,13.548293148175638,0.3700487873130673,12.60947765043267,2.531194338024773,-2.727873032056994,15.337350682489664,16.923983968026782,3.9776304469943926,3.778965328850758,11.558385353638906,7.639439420904114,6.811341905020643,8.001578398092557,0.7199687729695367
3013.47218796114,West Virginia,8.572148602167676,62755.43486927786,28.511852393899325,0.0051367582660229,318453.07693811494,78956.98505395757,481.4374131789961,US,0.3427725547344101,38.6425180883821,1822613.936375736,2019,18241.390750095776,29.043124952799957,7170139.84313725,33247.013,0.9892312176246878,0.0433207403269193,0.0010583001305987,2532.034774782144,10.411720207462166,9.81144850798567,12.671230417985884,-0.0108271853768207,11.276658490171142,2.1485184132249127,-3.1391237672696293,14.41578225744077,15.785435716309909,3.3503198742933527,3.3687817927347004,11.04700046470607,7.837173378601533,6.178851198746841,8.011180031800032,0.5297869908678808
1883.434651582979,Florida,19.263844568250818,184934.2964021281,173.0733473759615,0.0381364448646325,2497551.5796895064,1552207.7704227343,1787.2017035252618,US,0.4258755034066143,28.426316139145904,22044410.7618172,2019,10902.897684446309,119.2013119831651,128092776.2235294,240347.95505,2.9585404734788963,0.0704127584626254,0.0481465259569229,96.2329480577172,12.389842965068729,9.296783875497104,14.730821441819916,1.0846960634462737,14.255188843460212,2.958230000585285,-2.653380804075687,16.9085696475359,18.668265373579228,5.15371547791796,4.780813761140855,12.127755886395043,4.577109625815651,7.488965758948824,7.5413831353126115,1.2996397084042126
3611.087125738616,Illinois,25.12565983629228,149994.69093010973,106.2080503426389,0.027417925075098,1973122.4441251047,1151494.6046253694,653.8587273661567,US,0.4373961054464135,40.1259374013401,12951410.987688605,2019,10679.877360195283,86.34579602369617,63961185.18431373,138319.48099,2.5046909395362214,0.0889088150874033,0.0257063586448133,2957.228398372459,11.837321368108952,9.276116629320471,14.495127842949929,0.9181653494945566,13.956571312713333,3.223889628175382,-2.4201439840394223,16.376715296752753,17.973786975844554,4.665399909537894,4.458360118100005,11.91835517865275,7.992345854073707,6.4844195289617925,8.192041035436057,0.9221625121015128
5168.255604798329,Minnesota,17.908477711088235,225182.09450504644,29.18318725251334,0.0085543285781677,1317049.913943774,471432.0375375019,163.31656857219474,US,0.2816434531745049,46.349592769476025,5785666.522647333,2019,11574.395748159835,25.693279633819525,26178601.42352941,66965.594,1.012741468647548,0.0814827532302691,0.0043828389173862,5004.939036226134,11.111934244087266,9.356550674409066,14.090904879736758,0.012660979118055,13.063530229706643,2.8852742158710507,-2.50736389793583,15.570894127642472,17.080452895457906,3.373592764426323,3.2462294648584686,12.324664662784004,8.518380293776561,5.101794863368452,8.550483973537839,0.2973841865499624
3064.5516839767934,Maryland,17.28791639457584,32131.101225596787,178.46350984423404,0.0292212859437706,651126.4936078207,398947.8907733319,773.9413555017337,US,0.6915436074407537,38.94604546234656,6197228.572519448,2019,9798.034280880876,192.87320807985608,23258740.52156864,60720.658,3.8862568081127096,0.0643752099999019,0.0469576488445926,2290.61032847506,11.014039248637935,9.189937060955502,13.386459208932855,1.3574464342355987,12.89658608777755,2.8500077831549366,-2.743026657869159,15.639612745646708,16.962191555762807,5.1843841536787725,5.262033020062622,10.377579725584086,7.737010049626317,6.65278735616986,8.027982826945397,1.8897783046299
3433.3717159401085,Rhode Island,13.57087935402084,4001.497223826183,276.50273071907696,0.0545109823307416,91832.81806033466,56503.18108705396,350.376214316545,US,0.7668270212045315,41.59619627186459,1087994.0144895394,2019,6755.473745366516,271.89673105638514,4408821.945098039,7349.915,4.305956716665513,0.0519333565576313,0.0652732986106328,3082.9955016235635,8.90244402751416,8.818108380483833,11.427725007933011,1.459999347025769,10.942052217975345,2.607926273075253,-2.957793987019258,13.8998462049946,15.299118079105922,5.622220696931984,5.605422328971026,8.294423876023576,8.033981276064635,5.86185748511982,8.14158928135935,1.8367912281023904
4804.502269728287,Idaho,12.525113541885515,216441.52532821885,11.478553092329264,0.0038369856197103,509841.9278455213,113526.40119134227,147.21303314540717,US,0.0578836416699129,44.38779613876643,1845180.8507866715,2019,12998.874874391937,8.525077837945284,9921455.180392155,23985.275,0.4212448762073624,0.061525893867228,0.0021231944598803,4657.289236582879,10.085195379369706,9.472618084574473,13.141856011256566,-0.8645409606955038,11.639790698469524,2.52773571215024,-2.7882971542899866,14.428087852759507,16.11021016007469,2.44048034569451,2.143012153678664,12.285075699080846,8.446403543102775,4.998650651946697,8.47751684658209,0.1108164201099024
4578.568699599198,New Hampshire,5.7050977253348245,24216.08509407204,50.94564453383639,0.0092479193762124,142581.3443663523,49241.8618598422,197.1739485562624,US,0.3107063062263474,43.67989642464831,1401370.4574786064,2019,7643.701173259196,57.86940589425224,4938057.635294115,10711.65701,1.0642984670557016,0.035138361592437,0.0028827704093142,4381.394751042936,9.279087867627611,8.941637211615793,11.867667953483616,0.0623158657328101,10.804499391521842,1.7413601129367955,-3.3484618224542526,14.152961213976091,15.412482620608154,3.9307592709084207,4.058188849320024,10.09477236465607,8.385350600772366,5.289145173076559,8.429360102280732,0.4423364457297085
2611.785267625985,California,21.50220679731108,423965.1605180119,103.7745696139959,0.0325190180290194,3355981.405749311,2103708.3708228585,651.3612589959773,US,0.2020485183353217,37.217480049567946,40425849.34915622,2019,6193.529982202488,95.3518192385498,176269607.05098036,250378.71,1.5718541313085548,0.05203869318003,0.0312976789123603,1960.424008630008,12.430729890631678,8.7312604748968,15.026254805954752,0.4522558979131393,14.55921223620954,3.068155571601713,-2.955767737489612,17.514979973699152,18.98752523914863,4.642220946631017,4.557573411450674,12.957406562248476,7.5814260234410735,6.480598486696686,7.868172083661566,0.5905643513115102
3168.813798296602,New Jersey,16.894958142376318,22582.631021329347,412.2389268160072,0.0712097302697911,776700.8515582673,513871.4814605417,588.0291652878125,US,0.8862285979535004,40.11088478552232,9065703.454821045,2019,8153.443837906686,401.4458477516843,37333587.4627451,73916.70397,6.559370307875714,0.0566830234434008,0.1072641926124797,2580.784633008789,11.210694116171007,9.006195673781292,13.562810550787036,1.880894608695604,13.149728477104087,2.827015242647725,-2.8702805232499027,16.020009000353987,17.435403947605906,6.021603100717549,5.995072649450249,10.02493635090374,7.856236157009341,6.378475699043357,8.061428126438445,3.273166173604196
2405.630130916229,South Carolina,11.47480179169698,82940.44946845618,79.92349647714306,0.0133213503439835,837021.3619698146,342270.3878427375,1354.7012057319464,US,0.6601348990105533,33.87763697060141,5304531.049443749,2019,15120.209355435978,63.95589948498124,26567424.0,80205.62,2.0904050833239065,0.0645241557929289,0.0040767426151688,1050.9289251842831,11.292348866212448,9.62378749589666,13.637604871212616,0.7373578669682983,12.743356311406384,2.4401534827426983,-2.7407156168736813,15.484071928280065,17.095196361586897,4.381069883097309,4.158193775294277,11.325878152985789,6.958380829403368,7.212074094464564,7.7859827620437905,0.9670265897281364
4423.162591588125,Michigan,14.228681401843067,250485.00567889065,50.35857008944453,0.0112357620687079,1580052.990175035,743089.8172799719,85.04432490399131,US,0.2540606045693894,44.87489469003648,10169914.630782088,2019,9955.766263124837,40.60089187062724,49905576.78039214,101249.29298,1.116913665853436,0.0730674587012562,0.008753805557412,4338.118266684133,11.525341002030824,9.205907186225636,14.272968942526226,0.1105692260108183,13.51857220102378,2.6552597445505657,-2.6163721727456823,16.13494437376946,17.725643313603257,3.919168814997113,3.703790033623239,12.431154340146222,8.375426442095282,4.454862569337892,8.394836294694125,0.4042129895383701
2750.9740460098733,Arkansas,11.801570525009184,137781.2400466826,29.56490663492276,0.006388262966111,665045.6506202798,212856.45819721383,1170.7218886702235,US,0.298005946068476,34.8997440263155,3094625.8069877205,2019,15540.823023386243,22.46042934393107,16380033.047058824,48093.03199,0.9839482475567288,0.0687826158873813,0.0019438373856068,1580.2521573396496,10.78089258052713,9.651225584127088,13.407610964831148,-0.0161819772594075,12.268373312338,2.4682326179549814,-2.6768042420263165,14.945177554364315,16.61157365391212,3.38658807130815,3.111755065063969,11.833422489300348,7.36597231680037,7.0662296456212585,7.920073768053048,0.3490535574633039
2449.6550649526603,Mississippi,11.536524534181796,125448.65119917649,28.4013078313648,0.0053456951859963,675101.8633525721,196535.32713886743,1396.360510537901,US,0.3957525124290196,32.71475735696999,3047115.874519605,2019,16064.70774850904,24.28974600676781,14299161.011764703,48951.026,1.1283248709550435,0.0644988032067708,0.0012390675185271,1053.2945544147592,10.798575607902428,9.684380079570545,13.422618867139576,0.1207341177758715,12.188597476009816,2.445518048838107,-2.741108610286341,14.929706086296155,16.475711423002988,3.346435194507042,3.1900542862598544,11.739651800036302,6.9606271534503,7.242340386478962,7.804110641250928,0.3902076708842393
3380.5409296270054,Missouri,16.529387457344622,180540.13370676103,44.386417183914624,0.010530355370792,1103634.8811604723,497292.6500190503,824.9006906918546,US,0.2699741194134815,38.36917904776868,6282344.590127853,2019,12552.284240173329,34.797496053325375,32033167.447058827,78857.77499,1.198433749492852,0.0791571749821717,0.0061493958698681,2555.640238935151,11.275401192349326,9.437657939167096,13.914119727531542,0.1810154955111519,13.116933964820936,2.805139854724344,-2.536319846325568,15.653253811146504,17.28228240670725,3.792933503354128,3.5495454317010737,12.10370837944543,7.846449268847779,6.7164745371062535,8.126086780927253,0.4367880613076497
5200.197042048571,Montana,14.95108914217008,380840.2027621556,3.910391015368655,0.001427004007636,883038.0249420743,97776.722349909,89.27946232660531,US,0.0445110302015538,47.03403134264054,1098546.742078383,2019,13946.853959999096,2.8845346003674237,6079507.407843137,15321.27098,0.3865480983562829,0.089005518477003,0.0004398776570153,5110.917579721966,9.636997401994408,9.54300923923476,13.691123542013456,-0.9504989727561908,11.490441814911255,2.704784149502163,-2.4190569058126656,13.90949872072392,15.620434232213324,1.363637372927817,1.0593635699167157,12.850135150807205,8.539329873024807,4.502909996311367,8.556644078471429,0.0402301828138888
3609.4549794441255,Kansas,18.0517482885967,213099.49750086747,21.08384751597186,0.0069448777180736,735787.9789139596,254214.55937261545,873.0961856030991,US,0.107413126961157,38.48307011222845,2972317.784314112,2019,13847.653907402751,13.948028123820482,17956150.51372549,41159.62798,0.6758023692605748,0.0855273822719052,0.0033294542359676,2736.3587938410265,10.625213151520356,9.535871104299565,13.508697284082496,-0.3918545988475206,12.44593391136332,2.893242538182448,-2.458918693821748,14.904852605185065,16.70344326121269,3.048507226751472,2.635338145144931,12.269514460040137,7.914748790635822,6.773190421777698,8.19158907647244,0.1931474661493861
3420.6667983046927,Indiana,16.598811654819002,94330.5834236828,101.24113075963557,0.0228837358118273,1129467.047847996,570760.3584114604,604.3157051837975,US,0.6616396187926175,39.9191538478867,6864984.986247179,2019,14873.186647100943,72.7758139204262,38294469.22352941,102104.20303,2.289819741104507,0.0831408021364767,0.014145364221578,2816.351093120896,11.533749169123292,9.607315316905432,13.937256440359263,0.8284730987930192,13.254724712999078,2.8093311057409256,-2.487219697183058,15.741944410182134,17.460816037026863,4.617505104714071,4.287383673635462,11.454560736546672,7.9435523938059776,6.405750148676688,8.137883079256826,1.082408263833186
4927.000860653758,South Dakota,22.67585083601686,199729.2613660408,5.46150745252876,0.0026719170916252,554803.4728752207,95841.30651898264,322.9372868871379,US,0.0850846515886708,44.43635565487275,902151.638478394,2019,14264.709424798328,4.516872652049888,4393492.086274509,12868.93098,0.4921442258708281,0.106236360309263,0.0007051440256672,4604.06357376662,9.462571234203192,9.565543893639806,13.226369227091796,-0.7089834634336758,11.470449045549582,3.1213005183850706,-2.242088852978079,13.71253789852766,15.295634932681525,1.697724841857659,1.507819863237597,12.204718035290064,8.434911753972315,5.780549938067055,8.50268867985899,0.0644318758903098
4544.191552522478,Colorado,20.131734035654613,269604.54170759185,27.10030118478205,0.009392047477801,1029174.576596592,435537.6710290597,193.4019724857929,US,0.0862196700252735,38.998742086345246,5893820.520672885,2019,9589.844616365606,21.860983807406384,29276974.207843136,56520.82299,0.7398227043710305,0.0738973420553592,0.007281837760855,4350.789580036685,10.942364397732792,9.168459965073186,13.844267656982597,-0.3013447101776731,12.98433657217451,3.00229737780234,-2.605078418449372,15.58941499062388,17.192311901821384,3.299544841653493,3.084703486649077,12.504711503974804,8.378342437191478,5.26992803850672,8.421825151492992,0.2096434378739118
3499.115312516095,Pennsylvania,11.437157900429288,119279.07770810704,110.74937222644115,0.019950736625986,1320178.2728342677,648066.3692080015,300.2330835782142,US,0.5443586788028735,40.89548488165159,13048120.445376731,2019,11157.191841494894,109.39152696424554,52762081.92941176,145580.38298,2.093850314899296,0.0496674116338056,0.0158926200533307,3198.882228937881,11.888483673387292,9.319839577165698,14.0932773406209,0.7390046270372095,13.381748391706962,2.436867519809336,-3.002406262478909,16.38415465418587,17.781303345410354,4.707269740524901,4.69493343693587,11.68922121725,8.070869284653641,5.70788432913095,8.160551193367953,1.220502252174149
3790.279340769104,Washington,12.349339693318822,184667.7011185361,48.02559952637301,0.0098903371473858,1058555.4790994723,476767.4706675757,82.45997676190535,US,0.180332057079904,47.41139483922883,7825782.764708192,2019,11634.976170130782,42.37764761952016,35753108.63137256,91052.79598,0.9620501806502249,0.0609226559185422,0.0126022539386665,3707.819364007199,11.419194792866584,9.361771027614894,13.872415781125891,-0.0386886668387925,13.07478416813487,2.513602595516592,-2.798150155081094,15.872934323215963,17.392147778047654,3.871734192207581,3.7466210444454178,12.126313278770546,8.218468874229515,4.424367196729452,8.240458798048111,0.4930629201993165
2287.4955784296653,Louisiana,20.682773214483348,135651.67548336077,49.947151900343215,0.0096602486227463,1099752.349151706,475757.8024702184,1531.6722711747348,US,0.3971210207549032,30.909648662897435,4737251.728285341,2019,19658.766380081743,34.92217631227429,27197708.52156863,93128.52501,1.7322587860983254,0.1004290735975772,0.0074656784968432,755.8233072549307,11.44173580742185,9.886278644025507,13.910595575286615,0.5494262135854163,13.0726641853817,3.0293011419300817,-2.298303535978916,15.370967721360618,17.118643282186806,3.910965484456769,3.553122051832231,11.817845669528388,6.629129814376199,7.33476807335216,7.7356499280095345,0.6865269056070249
4910.275248745754,Maine,5.90048119278351,91633.47468183433,13.376817683093272,0.0019847376741692,271451.9746960058,52867.96440021127,126.22475587137772,US,0.1281469985615438,45.27530191919016,1376455.8153318183,2019,8523.368399712701,15.021320757628006,4897531.768627451,11732.04,0.52154529120152,0.0384087624254517,0.0009623378472938,4784.050492874376,9.37007883956988,9.050566893771276,12.511540513928637,-0.6509591603708208,10.875552846506269,1.775033905684893,-3.25946965725661,14.135022503762878,15.404241915482691,2.5935231850879763,2.7094705757342674,11.42555192802861,8.473251856156223,4.845955253600017,8.49928891186139,0.128032250667515
2377.71889451036,Corse,9.405220274024426,8722.602633673754,31.76753417668506,0.0094416249234515,37043.11286877171,12060.47993185695,530.525868798124,France,0.1820063652763264,42.152277281947846,319132.6965263252,2019,6778.889856061943,36.58686632064472,1109049.9647058826,2163.36539922,0.786603006259169,0.0377914267736652,0.0028173406191768,1847.193025712236,7.679420343363934,8.821568629483943,10.519837725962468,-0.2400315971519535,9.397689264834051,2.24126488342763,-3.275673007010215,12.673362271844264,13.919014319155195,3.4584448304340176,3.599689332309282,9.073672939534983,7.521963697889974,6.275751867901684,7.774317342123542,0.2480183369661128
2521.9328275091043,Île-de-France,31.158993035451896,12069.989016372112,462.9112501737693,0.1175970678495631,597721.0031932851,422080.81938739744,211.91288527083225,France,0.9393594874138748,48.70943009064272,12089601.81258138,2019,5413.363901394558,1001.624922457068,22317004.01568628,65445.41403446226,8.181263189341827,0.0349127147387226,0.1549811127608363,2310.019942238272,11.088971700654922,8.596625971840956,13.300879374220523,2.1018465628173955,12.95295208981748,3.439102904544943,-3.354904196960761,16.30785628677824,16.92085945778002,6.137535351422537,6.909378882681103,9.398477404097138,7.745444239505116,5.360883092711658,7.833177324231579,5.422160197966216
2543.3319523041337,Hauts-de-France,15.21527118576883,31935.66462967437,160.41708136889042,0.0471905899745347,545952.5247680682,258868.08920718005,90.55843788855628,France,0.8005640358578603,49.9695903066,5844670.380747556,2019,7893.586851684875,183.01389523350437,20480600.388235297,46135.41326990094,2.750340944427812,0.0442913068391155,0.0277133642395449,2452.773514415577,10.739336117811506,8.97380591784846,13.210287299972354,1.0117248837855524,12.464073902859877,2.722299606770039,-3.1169668550674454,15.58104075792732,16.834988673537683,5.077777182087262,5.209562080196595,10.371478677730725,7.805382328597459,4.516977433870195,7.841623400343943,1.4446360770908233
2323.941738684435,Nouvelle-Aquitaine,6.820715107241446,84747.66499010703,72.6347506925094,0.0194275913905886,430821.0715732819,158769.9047282259,329.0745360770292,France,0.2486048814670628,45.20571490400988,5937436.754307661,2019,6807.08950915352,70.06018106812458,24621442.662745107,40416.66344151021,0.8953261090431504,0.0267404793176174,0.0086751256515113,1994.867202607406,10.60699744033393,8.825719922935981,12.973448135726686,-0.1105672594270738,11.975211293009815,1.9199643207927584,-3.621576782352411,15.596788075362223,17.01912827419088,4.285443466986188,4.249354602238233,11.34743347312399,7.598833922898257,5.799318495856526,7.751450259077133,0.4769059235582269
2454.625029111418,Normandie,9.86148770353181,30139.27508029605,94.03212335558018,0.0224083470305972,268026.28673386434,110822.35465476892,68.43125034376901,France,0.4598687323258255,49.1203277424409,3283328.844898362,2019,7858.079393948214,108.938547332377,11334815.05098039,25800.65873965161,1.455190120810138,0.0337530475593283,0.0131782160901064,2386.193778767649,10.158155303128394,8.969297503649473,12.498840339510844,0.3751365593107004,11.615683789757146,2.288637039944029,-3.38868456768605,15.004368357443196,16.24338952515901,4.543636461716254,4.690783937300595,10.3135844201426,7.77787380392681,4.24033705929911,7.806136602167718,0.856047753999204
2270.3400208795047,Pays de la Loire,6.856730790067275,32430.11224387619,130.62997732200506,0.0364756875179402,217447.60212885405,91166.50102364676,201.2457144913667,France,0.336029113278003,47.47742004693361,3796226.6034831433,2019,6653.48542766589,117.05869455323852,16927106.74117647,25258.13838639267,1.1341325920563914,0.0240150313840588,0.014759854561126,2069.0943063881377,10.136903695104428,8.802896120805686,12.289713190735064,0.1258681226824428,11.420442795249148,1.925230766931725,-3.729075337013869,15.149518132263015,16.64442684412267,4.872368725893658,4.76267547185521,10.386842660407806,7.635349443863264,5.309483366549048,7.728125253874636,0.778848318391565
2478.859490528045,Centre-Val de Loire,8.967160283295362,39530.57211421786,70.00411555336336,0.0191015377058998,241617.4190407669,85823.10863136993,308.32765209299595,France,0.2839213505314188,47.48471371313332,2558003.484994816,2019,6615.056397606035,64.70949819809933,11065009.729411766,16921.33731851349,1.0329628649628777,0.0335508177118624,0.0085789984886393,2170.5318384350494,9.736330667774101,8.79710360222791,12.395110841122484,0.0324312407622672,11.36004358058082,2.193569046606117,-3.394694042929646,14.754737623510463,16.219298410763038,4.248554033940558,4.1699079944123,10.584829629098165,7.6831881138222835,5.734401077870755,7.815957180508814,0.4280569800412132
2856.093529472272,Grand Est,11.453618673204112,57725.14538033866,96.22745740258966,0.0313068447947649,532851.7501005928,203459.97105166985,225.9000540477001,France,0.4948573575545883,48.68898802573573,5487531.155763463,2019,7743.891250556503,95.06309805903982,22187898.82352941,42494.84450427289,1.525484129761284,0.0370767773843031,0.0122808391302392,2630.193475424572,10.657138041772553,8.954659585799506,13.18599852205882,0.4223118218174794,12.223224562067529,2.438305721397578,-3.2947644518697974,15.51798901393732,16.915057600183346,4.566714736932465,4.554540861219076,10.963448152718245,7.875192815176034,5.424509629986297,7.957560138647073,0.7361582933101932
3063.911862295172,Provence-Alpes-Côte d'Azur,15.565777987330977,31840.404534886904,169.70891119252894,0.0408964889205027,429002.96848174976,269796.99064214405,238.44703938707067,France,0.4137375165281526,43.95550571429825,4973340.251141615,2019,7637.092077472685,156.19588770275905,21658495.49411764,37981.85743056964,2.419806289047221,0.0542486492011506,0.030905269099291,2825.4648229081013,10.544863888662007,8.940772191575252,12.969219117424093,0.8836874911164995,12.505425068661504,2.745074785768837,-2.9141771863895274,15.419602255051029,16.890908337019283,5.134084682308344,5.051110909931998,10.36849134511903,7.94678203057818,5.4783322624903,8.027774091772562,1.1928823765085543
2228.139387516601,Bretagne,4.767745476574117,27498.52575782729,117.7970613372182,0.0264819299487963,158640.97184121332,60024.88721280836,48.31214673422326,France,0.2632679314281794,48.17793375157986,3335863.838491114,2019,6292.012613986211,121.31064290025004,12944677.956862748,20989.29735032655,0.9626213006370437,0.0179938061380703,0.0115644745508755,2179.827240782377,9.951767936805414,8.747036268941926,11.97439888925417,-0.0380951941249975,11.00251454208408,1.5618735467472018,-4.0177276837436855,15.02024222582776,16.376195293057062,4.768963324702744,4.798354552416383,10.22188767341138,7.687459552052064,3.8981704347624,7.709370865085544,0.76328809533915
2813.644741757995,Bourgogne-Franche-Comté,7.407834654142767,48059.7423493596,58.93618188476068,0.0181798623317157,254552.9433556738,78477.52546370533,283.5229913582559,France,0.2972955373908102,47.23449692346113,2807597.300976641,2019,7023.495895541404,58.418900387926286,11321787.996078426,19719.14811974256,0.8996976939776663,0.0279518453149981,0.0056074891512138,2530.121750399738,9.889345428427516,8.857016363881444,12.447264122240156,-0.1056964676637532,11.27056756295347,2.002538177189652,-3.577272059556876,14.847839622510346,16.2422395684501,4.076455195515981,4.067639474254655,10.78020014825569,7.836417863062513,5.650814063511213,7.942591330747497,0.41030490709664236
2578.7690076004365,Occitanie,12.09487094388633,73366.9428683507,81.00333376969837,0.0225227733813134,540964.8351431051,234949.84042235947,265.12370762595543,France,0.3606855427427475,43.70246277627093,5992725.054231652,2019,5943.5364329508175,81.6815423941675,23775463.843137257,35617.979692482986,1.3323453600831523,0.0392058434678984,0.0107378652150416,2313.645299974481,10.480605836888195,8.690059594283412,13.201109555980564,0.2869408178528237,12.367127325332431,2.49278147380137,-3.2389294752366267,15.606056800569055,16.984164675906246,4.394490311476083,4.402828057054316,11.20322874351474,7.7470117366276625,5.583961266934892,7.855455141969625,0.4854772231193512
3145.191085846583,Auvergne-Rhône-Alpes,11.238282636887162,71134.30627189773,98.374793791776,0.027354266626763,617660.6955354578,271345.77810923685,149.07984515296675,France,0.4369853499214102,45.51828453175428,7951547.644320645,2019,7544.346149003326,111.7821774198138,27998122.14509804,59989.227849046925,1.520560452128252,0.0341249012452367,0.0151823446117415,2996.1112406936163,11.00192028923653,8.928553707274881,13.333694549313789,0.4190789854036508,12.511149220532246,2.419326042479386,-3.3777279193936782,15.888877139925924,17.147647999643937,4.588784610590781,4.716552133163493,11.17232500676243,8.005404183976385,5.011167453494101,8.053947821076457,0.8433234397443787
3412.7803384703243,North East,17.528045986421642,8604.767908530286,201.049830103327,0.0582314907311995,157826.72139629457,86371.26814012653,0.0,UK,0.4520413929301006,55.02076241725123,2616113.800956517,2019,4212.148027333367,304.030722125933,6891594.749019609,11019.45858597859,2.639480314974576,0.0330151035893572,0.08226915689217,3412.7803384703243,9.307417951370995,8.34572801682753,11.969253010170132,0.970582047392226,11.366410354812444,2.86380222588749,-3.410790137695297,14.77720049250774,15.74581307470087,5.303552788296057,5.717128755924821,9.060071736582918,8.135575559887297,0.0,8.135575559887297,1.2806224064514875
3273.2236725178145,North West,15.432782958952243,14176.689864260185,322.5212237517556,0.0811056792932032,327189.7793805998,189004.0824839385,0.0,UK,0.6483986354279891,54.05785803491156,7286670.209972307,2019,4107.585678329784,513.9895335047287,18177920.9764706,29930.62219719453,3.4071582345232154,0.0259383335649352,0.1375932960446039,3273.2236725178145,10.30663738904345,8.320590708690782,12.698295646610998,1.2258785815461062,12.149523894252612,2.7364940103812136,-3.652033344064332,15.801557238316942,16.715718282444374,5.776168944153402,6.242202902416572,9.55935433590037,8.09383607340993,0.0,8.09383607340993,2.11125604663543
3167.294232246615,Yorkshire and The Humber,15.229366899705427,15418.02599526706,230.94533442325465,0.0642584080681263,304166.4415795697,155891.08435079455,0.0,UK,0.7460631471527349,53.966384608064565,5481487.740743902,2019,4141.1661877799015,355.52461400873096,14179299.074509809,22699.75169069869,2.91427516274077,0.0284395572377287,0.0907690208517624,3167.294232246615,10.030109264673923,8.328732715022323,12.625330335758026,1.0696211311601358,11.956912865153948,2.7232255967525267,-3.5599742424619305,15.516887107615876,16.46729364727599,5.442181034997973,5.873594484564425,9.643292623051453,8.060948624962048,0.0,8.060948624962048,1.4722865104564575
2880.5343756350426,East Midlands,10.455408148412063,15651.873819984434,198.92330692649983,0.0568992422131503,236253.76866824564,97772.90876706346,0.0,UK,0.9339253702023388,52.92710450357026,4807094.729314098,2019,4228.5392093096725,307.1258294439074,12414226.31764706,20326.98854577053,2.282041405600408,0.0203392931224832,0.0658601336267063,2880.5343756350426,9.919704767060528,8.3496118718078,12.37266179726366,0.8250703957101608,11.490402811177786,2.347119370704174,-3.8952006420392142,15.385603453217,16.3343536566295,5.292919358112636,5.72725753150976,9.65834592170724,7.966078200576529,0.0,7.966078200576529,1.2986936119953174
2987.127567399976,West Midlands,14.771868440782203,13013.03228384675,284.9224593638467,0.0689984522147746,264833.0475431044,154199.18998613695,0.0,UK,0.7751069927620894,52.48037639531453,5938327.996953342,2019,3974.7407510081534,456.3369910581616,14802208.925490197,23603.31428234307,3.1045957455690982,0.0259667687714873,0.1103680464760961,2987.127567399976,10.069142416846036,8.287714805089362,12.486854897157825,1.1328835122456449,11.946000487089378,2.6927245909651587,-3.650937682631572,15.596938169720948,16.510286979319723,5.652217070842683,6.1232315520553335,9.473706617665616,8.002402238580995,0.0,8.002402238580995,1.8138212345513185
2631.553169017723,East of England,9.635534141221711,19131.69110542498,193.56804086971025,0.051269479828853,262195.0692173373,110607.88343623656,12.61568704459269,UK,0.8682521335680774,52.2513517848873,6106090.358009007,2019,4208.224183298396,319.1610362283951,14658590.435294123,25695.79710997866,2.119524277837194,0.0181143541859249,0.0647837120920962,2618.9374819731306,10.154082720933042,8.344796028497125,12.476844044709043,0.7511916662564853,11.613746644338809,2.265457737924089,-4.011050606061388,15.62479725040019,16.50053709941082,5.265629083063256,5.765695791171227,9.859101459228963,7.870905734628128,2.61122258718032,7.8757094409619,1.3431011910229076
2595.803017040866,London,31.1913507981811,1573.8230611359877,2074.0292254136657,0.5098143906818375,259415.03608139625,228052.56454484427,27.288818222635303,UK,1.0,51.500596154379394,9264141.780725118,2019,4059.716102733972,5886.393464102786,12934573.462745097,37609.78556522033,25.89332172125048,0.0246166962836566,0.8861591643269029,2568.514198818231,10.535019549911844,8.308868324715899,12.466184514031909,3.2539850868564586,12.337331427614192,3.440140838376406,-3.7043303555460287,16.04166178316022,16.37541439762332,7.637248480017899,8.68039877401128,7.361263009148939,7.851472132324092,3.342466610762434,7.86203635858993,23.897086333246083
2620.444876635165,South East,9.346675638446548,19095.250295641414,260.6476548685648,0.0604052092345816,317069.70914281724,153345.5191163888,11.762004952419666,UK,0.902961354943276,51.28247764781175,9015747.032897891,2019,4115.276655745912,472.1460516783999,19840190.800000004,37102.29329859516,2.605313343068039,0.0170086315151524,0.1055820025234654,2608.6828716827454,10.521434060663427,8.32246134189523,12.6668769313431,0.957552953218488,11.940448949137584,2.2350207333886765,-4.074034327594888,16.014483276732474,16.803220276710242,5.563169513930458,6.157288369243529,9.857194907488944,7.866983987832,2.546472393505919,7.871480924377876,1.943011624574722
2670.7660682640108,South West,7.663174633879959,23860.98028526105,133.4431799762363,0.0350277647254289,196816.97410285208,78314.21886841669,0.0,UK,0.5662717782119842,51.00136613698757,5487382.240701152,2019,4205.336259252017,229.973042812944,12684658.121568635,23076.28750519613,1.3029420834825338,0.0142716901125535,0.0435642077539745,2670.7660682640108,10.046560854356027,8.344109535738319,12.19002951040355,0.2646248485612359,11.268484460236072,2.036426340959963,-4.249477416345916,15.517961876581984,16.355903799258446,4.893675769083655,5.4379620968930205,10.079999779688965,7.890494981521481,0.0,7.890494981521481,0.9671139755917898
3290.7424963809485,Piemonte,15.946612154010554,25403.480191205854,137.50339450457744,0.0406663573749038,424030.2071118368,174901.56660491263,171.35392088567332,Italy,0.7159097368147447,45.05994671156469,4314099.012227984,2019,5415.640743705147,169.82314941719812,13964574.592156865,23363.610383,2.9491103281853857,0.040541852680981,0.0214676816290885,3119.388575495276,10.058934979066697,8.597046479988983,12.957559974864711,1.0815035412002585,12.07197861811302,2.7692464025326307,-3.205420438928968,15.277399057041986,16.452034294466838,4.9236486041079175,5.1347575980193065,10.14264145902268,8.045712816476613,5.149550042258348,8.099172337711092,0.919701167208105
5816.283092250767,Valle d'Aosta,13.805599839842989,3261.350368404731,26.712674722924174,0.0098625094523572,21575.61118558015,5247.264870891851,0.0,Italy,0.3684663335114351,45.72926005904557,120782.51494927295,2019,7996.63568361402,37.034510649143456,348992.0862745098,965.853769,1.1527969015144812,0.043443911340111,0.0027557769249612,5816.283092250767,6.873012444906944,8.986776192662171,9.979318843966617,0.1421910779085163,8.565462242857032,2.625074295350359,-3.136284567352016,11.701746810209048,12.762804525496268,3.2851381614914152,3.6118501981781046,8.089896612030943,8.668588609092549,0.0,8.668588609092549,0.296151489382124
3116.9654294646057,Lombardia,20.9212256093259,23877.03561023887,325.57236296896724,0.0939717963808971,795825.1558987552,409177.7406873061,302.4125504558033,Italy,0.8224620864950426,45.62081748093241,10138080.604855202,2019,6480.856247733336,424.5954468697875,31074707.431372546,65703.443028,5.831344722102363,0.0403604741997561,0.0918887416852836,2814.5528790088024,11.092906608396396,8.776607917612882,13.587134787305656,1.7632476293576618,12.921904914432684,3.040764223012488,-3.209904334315104,16.13180924874779,17.2519047803971,5.785584750209408,6.051136825871546,10.080672422876242,7.942913925910172,5.715093432096466,8.044935962149138,2.7517420546051903
4814.072962891073,Trentino-Alto Adige,10.244327209686237,13606.38587483107,48.44052298998883,0.0160082091392227,91118.8971619796,25391.308205102938,0.0,Italy,0.3655364919382394,46.44177575420184,1048446.5476085008,2019,6294.464381663716,77.0554765426655,2633857.8862745096,6599.40945,1.1547666097021825,0.0242180283420459,0.007871991635522,4814.072962891073,8.794735446738459,8.747425856546046,11.419920494908878,0.1438982540330403,10.142162197794503,2.326724109420893,-3.720657950362188,13.862820148156688,14.783960206251422,3.880336715282034,4.34452563701654,9.518294511140148,8.479506477365822,0.0,8.479506477365822,0.485022952509932
2890.4775712339124,Veneto,13.80553865137276,18345.45210777276,287.01444830783004,0.0760745682206337,491722.779551246,238148.7359588484,385.30385611706686,Italy,0.8481772987173166,45.64847016928319,4996966.92665749,2019,6085.938234604708,272.38178145199987,21065927.427450977,30411.232076,4.683268593099646,0.0476586576325707,0.039823716236145,2505.1737151168454,10.322567295339006,8.713736181638527,13.105670380476694,1.543996283478657,12.380650698462867,2.625069863191921,-3.043690973201887,15.424341671664752,16.863167479364193,5.659532557028471,5.607204690438095,9.817136981226655,7.826512452733023,5.956624251804829,7.96952292077549,1.6576986981484696
3106.320392719146,Friuli-Venezia Giulia,12.45007604877182,7919.998033467304,163.08029502969194,0.0451630739345789,122108.4667774162,50896.54559713856,262.4974697200938,Italy,0.6656672487461808,46.15342503595097,1224918.5689916338,2019,8084.534032455864,154.66147388112108,5155094.752941176,9902.895858,2.675875012309708,0.0415509625583006,0.01880119200927,2843.822922999053,9.200582504258795,8.997708136764164,11.712665000671064,0.9842764342655048,10.837550333774647,2.5217267312271465,-3.180834591684258,14.018384925458909,15.455496056048206,5.094242687059619,5.041238688950049,8.977146236508858,7.953256103146743,5.574043765355023,8.041516023715833,1.2503659491017072
2545.416921667862,Liguria,16.490826311119964,5422.212368973567,166.9209457837085,0.037590831149901,96664.30953225122,55827.202684873206,313.9204585048645,Italy,0.6593602598592565,44.264458868548125,1472860.2092645343,2019,3996.7159157211854,271.6345486009337,3623116.0078431377,5886.60384,3.189165181789312,0.0379039384279043,0.044199689651758,2231.4964631629973,8.680434512726206,8.293228281809935,11.478999528848124,1.1597591840490775,10.930016532891408,2.802804245147463,-3.272700255989138,14.202716788880544,15.102844989194327,5.117520321797095,5.604457591574675,8.59825919730587,7.710875728499902,5.752320094255968,7.842442521275626,1.0856461236530914
2675.937682759996,Emilia-Romagna,19.25421370044826,22501.79645515324,154.4205748717212,0.0466142266946164,477271.5796608368,204954.30923643627,540.7523587173027,Italy,0.8228160579210364,44.52402752162078,4521666.917040041,2019,6100.251432066229,200.9469299952055,13914383.82352941,27583.305086,3.776268789376221,0.0453271576603884,0.0314001302187605,2135.1853240426926,10.224965980498167,8.716085267683463,13.075840957246394,1.3287364293769972,12.23054235150523,2.95772993030988,-3.09384891927375,15.32439127077898,16.448433670504933,5.039679885653958,5.303040843322452,10.021350427456529,7.666776958508736,6.294808994292183,7.8924287644895905,1.2258267974725643
2542.9371578280225,Toscana,17.405544620279194,22991.4051647196,118.81591388631732,0.0321380947421313,338026.04026299046,160153.46707198065,556.199048364511,Italy,0.6473920951194058,43.44956878026492,3599461.8586747656,2019,5243.372797940606,156.55684517265408,10951132.784313723,18873.320397,2.6623915270090874,0.0444937252734066,0.0266322578097729,1986.738109463512,9.845504584568369,8.56472023398156,12.730878213695757,0.9792247891761544,11.983887803707,2.85678881179822,-3.1124071048440816,15.096294908551082,16.208953459498396,4.77757535322937,5.053419171969191,10.042875736581893,7.594752642856275,6.322922534015662,7.841468222043284,0.8208859033096935
2740.7940977438343,Umbria,12.502134214011212,8452.651339168373,87.11335048000751,0.0244369017193481,91523.45101812918,34215.30160915548,550.7392204121657,Italy,0.6876031394185675,42.96513008639379,896623.6092849046,2019,5775.817805121439,106.0760196188478,2945616.329411765,5178.734607,1.9806570395958576,0.0381601613596184,0.0128946029162817,2190.0548773316686,8.55231602104831,8.661435136640504,11.424350513705688,0.6834286278400584,10.44042823846262,2.525899366855229,-3.265963203909461,13.70639144237208,14.895828633107916,4.467210149724671,4.664156003286808,9.042235439085273,7.692138385987266,6.313075507858845,7.916367765305572,0.6126757628109523
2607.140530460173,Marche,16.86122983122427,9326.844714813444,108.12052901658674,0.0366755185037979,163625.45464000333,64418.22938648745,515.3202041240216,Italy,0.8154013599505223,43.34550601902726,1454775.0937140663,2019,4624.26017400751,155.9771968116406,4041951.568627453,6727.258528,3.183065938536119,0.0442805418272776,0.0202161299364382,2091.8203263361515,8.813922988683005,8.439071674774425,12.00533528175687,1.1578448639308518,11.073151937044674,2.825016893639677,-3.117209934828182,14.190361871872854,15.212238194842117,4.683246614261489,5.04970982228068,9.140652049592177,7.646267873723431,6.246727123647588,7.866392805973733,0.7212791392694008
2518.653941984885,Lazio,15.402441309766738,17209.08536134122,223.0590475548688,0.0508109671586198,381934.8374540909,211070.10276713187,587.5953549626989,Italy,0.7845935503185859,41.97917274282714,5787776.406505745,2019,3610.788045562564,336.3209772616681,15395122.584313724,20898.433859,4.113673485049206,0.0364682544629538,0.0530164454873324,1931.0585870221853,9.94742950016906,8.191681322673688,12.853005290456936,1.4143164212967108,12.259945597881035,2.7345260234637982,-3.311313137578609,15.571258735459644,16.549561301914668,5.407436523651729,5.818065993433853,9.753192742025792,7.566341338858328,6.377738944097657,7.831876846466409,1.21438376416835
2931.93221536926,Abruzzo,16.457137995912422,10796.266677176072,90.6071091109528,0.0323961974214833,156719.61521463672,61881.162225288965,310.3650694897762,Italy,0.6724241489346261,42.22742085058054,1260282.9477117627,2019,4889.161731647296,116.73321763865589,3916128.086274512,6161.727159,2.684967132844265,0.0491010073076397,0.014097061796458,2621.567145879484,8.726112400182156,8.494776142752967,11.962213597374449,0.9876684868595614,11.032971086431909,2.800759303819168,-3.013875728961557,14.046846815393463,15.180613990543623,4.5065326769788685,4.759891140080831,9.286955675312631,7.871908943709882,5.740966080628249,7.983757957687291,0.5707275804909715
2669.1428365963243,Molise,12.22329296394308,4440.242911589801,53.65105956475093,0.0163674026779938,38780.92915170682,11913.588274374311,489.3876155809642,Italy,0.5813255740341028,41.68474876998632,278214.3009354158,2019,4822.827189287723,62.65745061136822,954072.5843137256,1341.779495,1.628638766317081,0.0428216243173635,0.0048253479852187,2179.75522101536,7.201751993300887,8.48111558888334,10.565683888068843,0.4877445532289007,9.385434899456042,2.5033433907598006,-3.150712062925781,12.53614696238182,13.768495031722464,3.98250121845766,4.137682598634555,8.398464363747266,7.687426527447965,6.195196130593831,7.889887246815945,0.3021860564199592
2497.236982883519,Campania,19.61024872973554,13602.891964166807,270.8880175583016,0.0695868723731375,375858.87355857965,227115.7496002192,600.9500715051569,Italy,0.8308253525301408,40.859634165799136,5669386.886712068,2019,2928.3030420645823,416.7780573165292,14789019.776470574,16601.682867,5.206790271915071,0.0400600195644672,0.0725864266083186,1896.2869113783624,9.7172593467364,7.982178367698533,12.836969015635368,1.6499635952660765,12.33321507663667,2.976052323949108,-3.2173764603654726,15.55059153700214,16.50939555638992,5.601705516139002,6.032553843459589,9.518037693542553,7.548180203294858,6.4001745041702245,7.8233405552343855,1.2204524531057592
2254.435169595886,Puglia,16.470565259596597,19353.12305612522,172.67695118346435,0.0446376168036122,402721.9474973145,234424.3281212502,865.2984502058682,Italy,0.8185929854920759,40.98303715851623,3797416.2881272673,2019,4373.166748118039,196.21723466101733,13385573.933333326,16606.73464,3.9217539753315234,0.0617325861413152,0.0334131858187166,1389.136719390017,9.717563593274972,8.38324268197294,12.906001646216891,1.3665389964163557,12.364888120212482,2.801574864158997,-2.7849433490538265,15.149831469266308,16.409688112861797,5.151422514656175,5.27922238558231,9.870609083683997,7.237157380561175,6.764229479913619,7.721098213183698,0.8580906860272355
2644.852499289796,Basilicata,14.491847411770372,9992.182519695738,37.497090157371,0.0120386959680713,74039.07092459316,22653.99685872443,636.1010354880453,Italy,0.443860064257986,40.49886345021567,521953.87056758336,2019,5338.178038549918,52.23622262090914,1501253.3529411766,2786.282689,1.4062039699696838,0.0434022969004713,0.0045959249465473,2008.7514638017508,7.9324636168878735,8.582639682452465,11.212348218318498,0.3408938539688717,10.028091577097474,2.67358624384204,-3.137242915302209,13.165334492399683,14.22181088580676,3.624263334162215,3.955776174178261,9.209558318221422,7.605766343557973,6.4569282544359,7.880748598332666,0.2788462564117416
2325.3308977531747,Calabria,13.51072286181078,15079.142783646348,66.26581018716239,0.0196984994600129,171492.49160987086,60216.126164098685,618.7049468980389,Italy,0.6267580653774331,39.06854116220219,1756390.0503599653,2019,2883.5657620367506,116.47810990057124,4015957.568627451,5064.666214,2.196849738570195,0.0342840282838983,0.0113806815725778,1706.6259508551357,8.530043514017667,7.966782919119926,12.052294763929268,0.7870243971491627,11.00569547190446,2.603483656226205,-3.373075680957558,14.378771152862017,15.205786374717071,4.193674080729829,4.757703357501569,9.621067795360446,7.442859352036504,6.4292434726666166,7.752047583387543,0.3358722897360411
2260.238120573289,Sicilia,16.504313856677708,25717.32118489427,138.54679251019732,0.0351059976581921,390169.5609718096,210113.5719061888,806.8957118498938,Italy,0.6474207263298627,37.58808011239648,4701718.379908886,2019,3642.188258483456,182.8230221221704,14310038.549019605,17124.543478,2.993324914583245,0.0446886765494152,0.0305066890721688,1453.342408723395,9.748268004556111,8.20033994991358,12.874336695342578,1.096384781142014,12.25540348211083,2.803621792594777,-3.1080351304959746,15.363438612606805,16.47647184538083,4.931208120627424,5.208518592677439,10.154920019929364,7.282309124676733,6.694432980698206,7.7236677832178895,0.66587586455383
2293.011028047114,Sardegna,11.69378957789353,24127.028634925275,65.44922137905613,0.0184899695480364,164657.82804692895,66106.64337177257,744.3703085975245,Italy,0.3247531875712459,40.087917445377634,1545652.7079899902,2019,5481.418360802217,64.06311905945054,6334996.968627452,8472.369133,1.301393947141564,0.0427694028742973,0.0091180932615213,1548.6407194495896,9.044565457271622,8.609119171416566,12.011624830232984,0.263435957031788,11.099024525657468,2.4590578955684554,-3.1519323181618626,14.25095684381933,15.661599893225416,4.181274595861252,4.15986883265307,10.09108801116626,7.345778389141443,6.6138811534070605,7.738057105021751,0.3511567570627306
2590.4872335400496,Adana,51.79911678715756,15835.476553611832,20.22449274272989,0.0145368484263325,8184.241280364527,1968.3664379119875,619.7942633401644,Turkey,0.4628464405364086,37.46129267202584,1792490.4275222728,2019,3871.7138420610986,113.19459957227704,80194.0,6940.01,1.6381896442992971,0.0010981182424682,0.0157495070862151,1970.6929701998847,8.845058494422002,8.261452541239032,9.009965789157352,0.4935917566896257,7.5849592584054895,3.947373098679104,-6.814157252741755,14.399116511147245,11.292203978088397,3.0068943819244613,4.729108457672386,9.67000805347486,7.586647828416109,6.430999728072712,7.85998721133557,0.4382570980105483
3205.6050935128947,Adiyaman,33.37452173233032,7399.919480121719,10.196955327013375,0.0059712776527024,2264.7208885114565,233.62165212631223,1072.4041422667674,Turkey,0.4841932926849664,37.803939455947614,633744.2632620595,2019,1860.6858765558395,85.64204853370043,18889.0,1179.199,0.965767452381578,0.0003686371075357,0.0080943772646401,2133.200951246128,7.072590673402148,7.528700449571839,7.725206802293675,-0.0348322062745906,5.453702935555606,3.507792786500293,-7.905697846238977,13.359400781794584,9.84633502103182,2.322089178379393,4.450176383726154,8.90922439806843,7.665847593897916,6.978590318750344,8.072968053200084,0.1593529501459661
2869.0052807506963,Afyon,26.775201407345858,14762.485434010354,6.693394184284579,0.0073991109460416,5299.827637327478,294.52721548080444,329.39107732368353,Turkey,0.4148196351668942,38.62239383579377,692275.6537978866,2019,2664.720317520477,46.89424805141528,24737.0,1844.721,1.1203269882148443,0.0004254478889514,0.0048026598857335,2539.614203427013,7.520083325527609,7.887854384571276,8.57542957775242,0.1136205964600503,5.685371411320356,3.287476138521986,-7.76236808760025,13.447739498920606,10.116055377478151,1.90112109739167,3.847895025104021,9.599844473816583,7.840161143153522,5.800277035603239,7.962069148734795,0.1249600555574513
4420.337453806839,Agri,33.625600814819336,10314.131153850714,4.473942446742578,0.0039682911407227,3292.320399211333,235.37920570373527,112.46203492737745,Turkey,0.4170040580633232,39.57439897294815,625986.444743931,2019,724.3783053249514,60.69211603056094,11550.0,453.451,0.982952506607982,0.0003760132630348,0.0067783300017619,4307.875418879462,6.116887215205954,6.585313777086127,8.099347883674438,-0.0171944747448082,5.4611978549164,3.5152877058610867,-7.885886141167701,13.3470839960841,9.35444071594994,1.4982699990474626,4.1058138054545,9.2412701906296,8.368432225357424,4.731468286933934,8.394197520659224,0.043964052156803
2819.1974228690806,Aksaray,30.53653347492218,7609.508592368979,7.495353226805758,0.0118326197504046,2634.786907626135,366.43840169906616,443.0758618600682,Turkey,0.4149903901548712,38.37086231987032,410896.9310570444,2019,2595.030333414605,53.997827332648384,14280.0,1066.29,1.0842272045673225,0.0008918012620741,0.005117428123162,2376.121561009013,6.971940612756393,7.861353484708783,7.8765575877342044,0.0808674793641357,5.903830435438626,3.4189237856506254,-7.022267250573259,12.926097686011884,9.566615235893575,2.0142832587703747,3.988943811174257,8.937153874837628,7.773645606569606,6.0959954078825085,7.944562169591309,0.1401259998667068
2769.8303190477377,Amasya,42.91394996643066,6229.921690758587,4.450945955126575,0.0068092735821165,2370.431882651881,257.483699798584,129.44519942268636,Turkey,0.4302791352415395,40.69121402150788,350202.9417779466,2019,1858.667996035064,56.21305678648171,6937.0,650.911,1.1529733798677564,0.000735241396007,0.0054524392590719,2640.385119625051,6.478372920112913,7.527615378998893,7.770827446494533,0.1423441533081298,5.550956416347079,3.759196947119024,-7.215311682731215,12.766268099078294,8.844624683385302,1.4931166477732052,4.029149057077466,8.737119042000828,7.879058725075645,4.870953210772874,7.926902308432938,0.1044814096083351
2877.1563492253526,Ankara,64.73796092685149,25827.497521953403,25.56005321562641,0.0224690088663283,22460.977797553456,5732.22909712698,360.7994405396341,Turkey,0.4774670049909672,39.795562023847936,5909675.2024602,2019,2532.4022873151785,228.81331021083125,165227.0,14965.675,2.6695937583902745,0.0009699736281176,0.0226213573239034,2516.3569086857187,9.61351452451516,7.836923651889899,10.019534762409524,0.981926310420482,8.653859756245483,4.170347751660581,-6.938241674344053,15.592101430589535,12.015075564971095,3.2410307114956804,5.43290643181199,10.159194998777544,7.830964784322213,5.891090026635052,7.964905211623345,0.5794473501460665
2579.0248425976124,Antalya,26.65523957689528,21186.94023755592,34.99312109837761,0.0232492632525771,11584.416764160516,2657.893242045945,503.865036570084,Turkey,0.4032827299550148,36.7986243940483,2583990.0036442745,2019,3363.821062674899,121.96145241698942,185686.26274509804,8692.08,1.748074871180297,0.0010286004351013,0.0235865091153627,2075.159806027528,9.070167545199588,8.120832827845433,9.357416091547426,0.5585151087990665,7.8852890736982975,3.282985738300184,-6.879556201620132,14.764845275318429,12.13181376907996,3.5551515021265336,4.8037050310110105,9.96114024430742,7.6382752191784,6.224291139239895,7.855554306783109,0.4102565024746915
5009.746309895932,Ardahan,19.519227981567383,4790.756931437503,2.061531364408194,0.0018855461182397,1359.8592030481966,19.519227981567383,0.0,Turkey,0.3943060673658784,41.11553776457122,95514.25370755068,2019,1359.6504705740451,19.93719470106593,2471.0,129.866,0.8547408688233529,0.0002043593204563,0.0018770426640756,5009.746309895932,4.866503149616868,7.2149829387673075,7.215136446200346,-0.1569569333822011,2.9714000300781978,2.9714000300781978,-8.495630738735636,11.467030768813837,7.81237820598861,0.7234490874115319,2.9925870676286204,8.474443701185214,8.519340147035953,0.0,8.519340147035953,0.0271076161572306
3976.212905954023,Artvin,0.5968958820484093,7782.373102246666,0.0,0.000740481100282,1542.5732429707746,1542.5732429707746,0.0,Turkey,0.2432416847874747,41.108580572289625,160116.67696329177,2019,2828.543588272388,20.57427404978415,0.0,452.897,0.5968958820484093,0.0096340573151191,0.0017390367428153,3976.212905954023,6.115664726561426,7.947517225048911,7.341207237939622,-0.5160125827282825,7.341207237939622,-0.5160125827282825,-4.642450821537168,11.98365805947679,0.0,-4.605170185988091,3.0240414628196075,8.959616596657181,8.288336578085573,0.0,8.288336578085573,0.0581952309468759
2559.1764840391743,Aydin,39.21747065881646,8029.974905071212,10.256158615430524,0.0165669943157459,4809.763280215686,567.9612515412125,1113.5692492341093,Turkey,0.6406391680082905,37.7532197860584,1165515.2020943856,2019,2298.677010120232,145.14555971505237,20622.4,2679.143,1.8913649346690973,0.0004873048850161,0.0155713737534392,1445.6072348050652,7.893252246246214,7.740089023427577,8.478403147796381,0.6372987560751386,6.342053197276538,3.669122327582401,-7.626620583506373,13.968673780782913,9.934133142650516,2.327878365681824,4.977737098993784,8.990936681789126,7.276976255650473,7.0162232856951965,7.847831474175222,0.3336427612380241
2389.153023535716,Balikesir,39.76681833267212,14740.14152954793,4.798330395810784,0.0100999274251812,5915.598336413211,397.6681833267212,504.8224605338402,Turkey,0.4591527170978354,39.6755873615657,1364253.127488444,2019,2644.775318670151,92.55359758613425,17701.172549019608,3608.143,1.2341707785457845,0.0002914914947336,0.009125241265607,1884.330563001876,8.190948514543443,7.880341395001948,8.685347927072277,0.2103993101910465,5.985617947320407,3.683032854326362,-8.140499730185361,14.12611767750577,9.781386162075092,1.5682680231994095,4.5277879100753005,9.598329767430467,7.5418584494952015,6.226185739208511,7.7791126694599235,0.244783470549937
2462.713105638638,Bartın,33.41093063354492,2597.7888621438537,7.337908058879979,0.0034550816799374,1338.834859068603,33.41093063354492,225.45672886292783,Turkey,0.7339280068650915,41.54801987476758,215901.44196775387,2019,1989.213208053258,83.10969575471151,4768.0,429.474,1.5419488237319616,0.0001547508452423,0.0050010937535358,2237.25637677571,6.06256120408556,7.595494466700531,7.199555006545708,0.4330470863491258,3.508883110920709,3.508883110920709,-8.773694184428592,12.282577295349302,8.469682208745185,1.9930537964024264,4.420161370803951,7.862415924545352,7.713452438510859,5.422553884124357,7.809424883474496,0.1653229045125599
3318.5345263076747,Batman,71.85125223795573,4349.98854470408,22.515123254524365,0.010129240023266,2400.4582232628377,431.1075134277344,1152.7000582106116,Turkey,0.5842849644645566,38.00129980369122,661896.8546773895,2019,1358.7842178799265,152.1605971774845,24521.0,899.375,1.736674129153315,0.0006513212902905,0.0117062079357378,2165.834468097063,6.801700077641632,7.214345621470616,7.783414924471435,0.5519718641051976,6.066357510104425,4.274598040876371,-7.336507504030865,13.40286501413529,10.1072851722528,3.114187228067858,5.02493652345739,8.3779284906779,7.681022611030798,7.05072949838883,8.10757984916181,0.2067534180279508
4255.663765833816,Bayburt,0.9166028844758144,3374.461243427974,0.0,0.000904072581074,1013.9820560183013,1013.9820560183013,0.0,Turkey,0.3622731671694596,40.236335866400296,65173.41785003388,2019,1542.8529501303071,19.31372540637833,0.0,100.553,0.9166028844758144,0.0155582151353717,0.0011842384824099,4255.663765833816,4.610684951676116,7.341388546545171,6.921640487760131,-0.0870809599823089,6.921640487760131,-0.0870809599823089,-4.163166475335087,11.084806963095218,0.0,-4.605170185988091,2.960816004107961,8.123990958987257,8.356240978878326,0.0,8.356240978878326,0.0297982382212374
2642.090011238288,Bilecik,43.80265998840332,4634.025219998789,1.2908052506644483,0.0118699733636763,1779.1711109289938,87.60531997680664,278.12404936038564,Turkey,0.4428100772186797,40.11557777873367,291676.67811758386,2019,6205.614421014216,62.942401965965146,1497.0,1810.033,1.1732497356744445,0.0003003507875301,0.0079759647451368,2363.9659618779024,7.501100356137869,8.733209713045015,7.483902866811689,0.1597774503989015,4.472841726427177,3.779694545867232,-8.11055947462995,12.583401201057129,7.311218384419629,0.2552662489472727,4.142220053697485,8.441181147359641,7.768518908381828,5.631656304369965,7.87970397048987,0.3905962773332668
4043.56165245468,Bingöl,0.6801902270864911,8146.187748652017,0.3099367856655198,0.001523484058681,1785.9207973015668,1785.9207973015668,363.1108267950512,Turkey,0.2613104955244925,39.04580877912032,290690.5738090711,2019,1052.6553922625037,35.68424676403669,632.0,305.997,0.6801902270864911,0.0061437176097584,0.0028197400069904,3680.4508256596287,5.723575297982753,6.959071195763178,7.487689414037417,-0.3853827742180933,7.487689414037417,-0.3853827742180933,-5.092325246146433,12.58001466018385,6.448889394146858,-1.1713869195048865,3.5747093242847923,9.005305335899058,8.211062199571561,5.897458290512568,8.30512845587123,0.037563214774989
3792.067049282295,Bitlis,22.77179718017578,8699.115544211045,0.831124444476457,0.0017954888869799,2435.8877205017734,22.77179718017578,419.65437198469056,Turkey,0.3166578416682629,38.55039504303684,318178.7688731698,2019,1132.4828531963835,36.57599065745328,1810.0,360.332,0.8747329528181119,7.156919130972223e-05,0.0040176190036755,3372.4126772976047,5.887025828686732,7.032167716577123,7.79806653601949,-0.1338366359858383,3.125522804504985,3.125522804504985,-9.544845865568895,12.670368670073882,7.501082124259871,-0.1849757426592517,3.599392032184034,9.07097663788985,8.123680174834758,6.041811527345143,8.240930218643733,0.0414216822582369
3125.476562825664,Bolu,39.69164352416992,8250.815631981051,4.433556909295024,0.004780576582241,1947.361369835104,198.4582176208496,16.341216661403504,Turkey,0.2359018436050674,40.60124571313632,308406.6216556224,2019,4054.877269776681,37.37892535862819,9153.0,1250.551,0.716123395365537,0.0006434953197679,0.0029060270621395,3109.1353461642607,7.131339533172567,8.30767569969855,7.574230591557878,-0.3339027869743038,5.29057858739593,3.6811406749618296,-7.348595804042361,12.639174391438292,9.12183697338478,1.4892021759560656,3.621107052513784,9.018067338924508,8.04242152389329,2.853086133908449,8.047661950681691,0.1515669548053806
2795.845867415116,Burdur,33.348310079678505,7286.168198214033,5.836779039901989,0.0080565047741618,2317.510932861589,156.01778009826063,455.2314128046262,Turkey,0.3563381820292152,37.42320450248203,294449.4521267945,2019,2740.725085990281,40.41211294010056,10649.603921568629,807.005,1.0087107337217731,0.000529862694501,0.0038362202592188,2340.61445461049,6.69332986403762,7.915977794297254,7.748249014952761,0.0086730141658579,5.049969975743732,3.507007098804241,-7.5428926519609085,12.59286262770464,9.273277979982948,1.7641791104258089,3.6991295652785103,8.89373306242613,7.758595908321764,6.12300016500849,7.936247585289237,0.110758491712806
2410.1214286768736,Bursa,54.65215631433436,10873.057834667045,28.45967540862166,0.0230182636172564,9507.2968367835,2022.129783630371,403.1109604502319,Turkey,0.6239570832382846,40.11559743342127,3332227.005525591,2019,3810.599631701017,306.4664104794243,77439.0,12697.783,2.6716749740528942,0.0006068403443934,0.0289346772990698,2007.0104682266413,9.449182690278969,8.245541839385801,9.159814870842414,0.9827056068282084,7.611906583292295,4.000988670648071,-7.407244825565147,15.019151408857445,11.257245808643942,3.348488187418229,5.72510815876531,9.294043250092132,7.60489969405831,6.001689494830268,7.787847241357916,1.167820790901627
2239.1639001474987,Çanakkale,32.74443485237552,9796.325589272485,3.498581924455683,0.005667425343394,2990.900812376365,152.6789530959784,608.0327095125414,Turkey,0.3864098567596258,40.05608949507623,549179.8214617346,2019,7018.977845435248,56.05977633727453,8576.917647058825,3854.681,0.93381081000904,0.0002780126784148,0.0055769283828347,1631.1311906349574,8.257043532897741,8.85637288035491,8.003329896052783,-0.0684814201479453,5.028337371002449,3.4887330194700934,-8.187843839504655,13.216181210507106,9.05682987934223,1.2523577219528452,4.026418556026124,9.18976265448098,7.397641918711716,6.411871976468773,7.714304311881018,0.393482328131385
3067.2477149572164,Çankiri,59.49159049987793,7912.813309924292,0.5611177791774115,0.0022977803141801,2054.316410673425,118.98318099975586,129.5518724112509,Turkey,0.3375253050117442,40.68910102940726,176226.3700840254,2019,2634.503563675713,22.271013251759825,1111.0,464.269,0.786709064032528,0.0006751723986769,0.0012625531200658,2937.6958425459657,6.140464125620454,7.876450042343705,7.627698424716845,-0.2398967761262685,4.778982146986131,4.0858349664261855,-7.300542494254892,12.079524641241024,7.01301578963963,-0.5778244504370459,3.103285978741652,8.976238662499371,7.985721170946388,4.871770637526015,8.028861900739205,0.0586730637784302
2834.0069653579785,Çorum,42.80570487976074,12310.263170810911,1.3896448920775406,0.004684640085242,3346.557548484967,214.0285243988037,227.79338893220955,Turkey,0.31572162455949,40.56667522215775,585225.5457134887,2019,1420.7189110077777,47.539645383140765,4281.0,831.441,0.8252892328483052,0.0003657197228768,0.0051123524172214,2606.213576425769,6.723160340012051,7.2589182978387665,8.115687499011683,-0.1920213688174393,5.366109297722512,3.756671385288412,-7.913643302415046,13.27975260013756,8.361941906144946,0.3290482411782209,3.861564002567684,9.418188597569875,7.866037334791847,5.432819364561132,7.949799673075229,0.0675404732184316
2654.92724247612,Denizli,41.7816333770752,10893.195418772482,9.33793315639493,0.0142066611560663,5021.744711022282,793.8510341644287,682.9867865686381,Turkey,0.4573334561327508,37.734630337365466,1060558.6098915937,2019,3567.103189503781,97.3597341386082,25470.0,3783.122,1.4560200723728394,0.000748521606218,0.0124647989835509,1971.940455907481,8.238304873650428,8.179509113873394,8.521532704300041,0.3757067356498253,6.676895829242869,3.732456850076429,-7.19741048849844,13.87430631774131,10.145256567973505,2.234084938287414,4.578412717971026,9.295893599770285,7.587280326098114,6.52793859955385,7.884549116575073,0.3472922181750694
3337.106597440093,Diyarbakir,59.88492663701376,14848.285692356896,4.593516091087001,0.0067705649687981,6346.098941802632,718.619119644165,1198.6498014341953,Turkey,0.5921503008904772,38.13560739765656,1795713.264813384,2019,1476.010703900128,120.93741338353432,17075.0,2650.492,1.3424802518617331,0.000400185894778,0.0099523033094968,2138.4567960058985,7.882500562124871,7.297098257098979,8.755595563229074,0.2945188373200517,6.5773314811222425,4.092424831334243,-7.823581381867925,14.400912862990166,9.74537068443899,1.5246457637355488,4.795273167015343,9.605639695974824,7.668307242152582,7.089784961046636,8.11315903823558,0.1785049166560912
2557.157890762286,Düzce,32.66141573588053,2398.620263591549,5.095501029176332,0.0178574074897375,1500.3507864724763,97.9842472076416,98.01390634458342,Turkey,0.592358607063473,40.89425353041128,409624.4604284836,2019,2472.4451243477934,170.77503540103373,3058.0,1012.774,1.8897972366040088,0.0002392050687235,0.0174375393059287,2459.1439844177025,6.920448379654393,7.812962868851293,7.313454217398181,0.6364695410963008,4.5848067229709,3.486194434302789,-8.338189345796474,12.922996068767374,8.025516386489008,1.628357999264087,5.140347107914239,7.782648960853134,7.8079751574646785,4.595260308396972,7.84704270453505,0.4222319036376077
2445.311015637332,Edirne,59.70624732971192,6147.794745098894,4.822261651651196,0.0075881174451932,2431.7000324462574,119.41249465942384,770.1978291862366,Turkey,0.4799599812939385,41.24635239550362,450134.5777992362,2019,2649.212166348762,73.21886895428473,7418.0,1192.502,1.188454964147601,0.0002652817636077,0.0050385524152863,1675.113186451095,7.083808899909937,7.882017579061687,7.796345893557048,0.1726541140817272,4.782583840872364,4.089436660312419,-8.23471803794016,13.017301878812525,8.911664758049536,1.5732430403464066,4.293453160349136,8.723848718463389,7.42423281244377,6.647944928440502,7.80233646091832,0.1939723184399867
3418.923277284559,Elazığ,34.851698875427246,9269.25211132158,5.4857755626651015,0.005047112985397,3113.071304177887,174.25849437713623,812.3309390804891,Turkey,0.3904167144867942,38.67609831760225,649904.898404602,2019,2462.121771859336,70.11405996939062,12729.0,1600.145,1.0472056325717216,0.0002681292213751,0.0064638755961657,2606.59233820407,7.377849529121676,7.80877876606527,8.043365075472536,0.0461253142963011,5.160539796671337,3.5511018842372364,-8.224041524349342,13.38458132102068,9.451638133870434,1.702158480753473,4.250123344105792,9.134457976914888,7.866182598790227,6.701138085861308,8.137373396262488,0.1726293535640877
4039.8352208468095,Erzincan,53.51739184061686,11567.954637934505,2.431788353940732,0.0031904877588491,2523.493849463496,321.1043510437012,114.33313153457564,Turkey,0.1916309388762845,39.6654349572779,187199.57374123327,2019,3309.462663928812,16.182599223492318,7041.0,619.53,0.6709292544011823,0.0017153049263219,0.0018131700137232,3925.5020893122337,6.42896112604681,8.104541118011374,7.833399668473402,-0.3990915806520992,5.771766151435618,3.9800066822075633,-6.368164414564092,12.139930565999707,8.859505484519133,0.8886269347991893,2.7839365429492307,9.35599402305048,8.275504254920286,4.747824736687873,8.304206687421244,0.0535557079354712
4395.150093450069,Erzurum,74.17738151550293,24384.722921222445,2.313142528881873,0.0026336432556847,6637.256342036699,519.2416706085205,21.321314374851248,Turkey,0.257654563080151,40.054990046262745,761201.7401214103,2019,1330.02717497535,31.21633748230632,14117.0,1012.419,0.832432224892575,0.0006821341087918,0.002662587726844,4373.828779075217,6.920097795780523,7.192954653319355,8.80045395557872,-0.183403471982088,6.252369421430681,4.306459272375368,-7.29028427899476,13.542653700425442,9.5551350238842,0.838607002138486,3.440941595018699,10.101712105406742,8.383622661814494,3.105542023541447,8.38848445812765,0.041518577154669
2843.433547713979,Eskisehir,50.49810930660793,14025.36606942205,9.276953651705789,0.0079016341233532,5072.371387467787,706.973530292511,344.650587246976,Turkey,0.2930925259981372,39.59859212470931,949089.975965826,2019,3521.060262594459,67.66953327763912,32566.0,3341.803,1.113306177928898,0.0007448962144743,0.0074060834887903,2498.782960467003,8.114265760679432,8.166517434201563,8.53156371651757,0.1073341269412039,6.560993225722588,3.921935896107329,-7.202265658719556,13.763258884442145,10.391024078324165,2.2275332226152984,4.2146360531853135,9.54862283125683,7.823959191274382,5.845428401354032,7.953119222242292,0.2382685046122084
2939.100400174834,Gaziantep,54.93564912547236,7171.483189967252,38.28187604397525,0.0213175425610658,5612.366707385173,1263.5199298858645,1200.814554927671,Turkey,0.7499229286083778,37.09218037115596,2270112.3299103472,2019,3719.380705858486,316.54711721086994,68755.0,8443.412,2.49267780044905,0.0005565891666408,0.0268294347058358,1738.2858452471628,9.041141771299603,8.22131245648861,8.632727782527542,0.9133575544918612,7.141656700258153,4.006162484329003,-7.493683172517116,14.635339872775267,11.138304740157045,3.6449765738471815,5.757472100048872,8.877867772726397,7.461229874191584,7.091587822766473,7.98619900946897,1.1773592402492346
3481.8692264897136,Giresun,0.9683042430253784,6809.393021849171,0.0,0.0020363323644003,2172.1342533984016,2172.1342533984016,0.0,Turkey,0.4200533193479303,40.575727449365225,378423.1183302009,2019,1808.03700106658,55.573693149442505,0.0,684.203,0.9683042430253784,0.0057399618262831,0.0064282837581266,3481.8692264897136,6.528254657216733,7.499997005934405,7.683465490100515,-0.032208940441609,7.683465490100515,-0.032208940441609,-5.160302719146087,12.8437682092466,0.0,-4.605170185988091,4.01770994449402,8.826058264752582,8.155611723433651,0.0,8.155611723433651,0.1004792935001123
4207.830258128756,Gümüshane,0.6381656448081081,6621.673482424335,0.0,0.0009201374793645,1387.231965632006,1387.231965632006,0.0,Turkey,0.2987873299249163,40.3316167410818,103876.35940206148,2019,3317.3861885764286,15.68732733164459,0.0,344.598,0.6381656448081081,0.013354645596142,0.0009051679766951,4207.830258128756,5.842378520246458,8.106932459235498,7.235065649036453,-0.4491573979750652,7.235065649036453,-0.4491573979750652,-4.315890969938783,11.550956618975237,0.0,-4.605170185988091,2.7528532100836727,8.798103408891564,8.344940039643928,0.0,8.344940039643928,0.0520409230256752
4265.839351780559,Hakkari,24.711055159568787,6177.408294347398,0.0,0.0030798899291625,1411.7239451962346,98.84422063827516,235.5974050804756,Turkey,0.3175079261234962,37.43522574568367,297924.5086227408,2019,874.6880248445223,48.22807469199582,0.0,260.591,0.7246532253536097,0.0003317760633229,0.0045052724172,4030.241946700084,5.562952128407498,6.773867279746202,7.252566892704391,-0.3220620484112012,4.593545081931452,3.2072507208115613,-8.011050324694118,12.604595406625569,0.0,-4.605170185988091,3.875941313980659,8.728654092644911,8.301829782824278,5.466359983946001,8.358628633494154,0.0421845193943959
2403.80784856131,Hatay,35.06585828410952,5790.714448824418,31.18386366770222,0.0359595186257387,5844.803978393708,1086.9040936376534,1112.768203177468,Turkey,0.841437232036231,36.44189350614381,1942954.1499511355,2019,3265.1604260242325,335.5292627744022,45230.17647058824,6344.057,3.242048944220893,0.0005594079992391,0.0427780413849787,1291.039645383842,8.755273748141912,8.091064175579778,8.673308336713129,1.1762055201214558,6.99108865290454,3.557227958635262,-7.488631477621868,14.479720130526408,10.719519764091256,3.4399007708887366,5.815709173992382,8.664010956534026,7.163977369153376,7.015504322694077,7.785225282699851,1.0955568705840637
3772.929129805995,Iğdır,49.71211814880371,3920.88502257052,0.6655275779376499,0.0023608624199759,1218.119792768206,99.42423629760742,394.050693666652,Turkey,0.3627698354544087,39.90286564665134,226498.108296918,2019,881.239148091887,57.767087530770425,653.0,199.599,0.9523242322459464,0.0004389627668204,0.0048409868219246,3378.878436139343,5.296310353844773,6.781329039828686,7.10506379546004,-0.0488497220847256,4.599395909873481,3.906248729313536,-7.731095962106881,12.330491871980362,6.481577129276431,-0.4071752025800905,4.0564191936143965,8.274072678365965,8.125595022191037,5.979014095063042,8.235871947216404,0.0509066190033656
2857.039009152587,Isparta,47.74421048164368,8886.40450327565,5.395660250332213,0.0049632345274291,3095.55712908372,381.9536838531494,285.6731287248929,Turkey,0.3453939045108621,37.922604709360215,464733.6450563528,2019,2572.555296389245,52.297151776632006,12006.0,1195.553,1.097431436057908,0.0008218765478166,0.0048309583140946,2571.365880427694,7.086364118830804,7.852654962672228,8.03772317831595,0.0929723911755053,5.945299354797905,3.865857813118069,-7.103920359324944,13.049219714122849,9.393161803811788,1.685594973118655,3.9569419102500936,9.092277803872756,7.852581330460916,5.658342642388955,7.957891007505338,0.1345373147890469
2156.3382887147945,Istanbul,68.26327579140428,4766.328736400821,350.16646658531823,0.1852344471772466,25047.46256041948,13411.72594960531,606.2978366268997,Turkey,0.9277881786573956,41.14861240425849,14011989.03352244,2019,2845.015286882408,2939.786533503616,417512.4039215687,39864.323,15.817021170512437,0.0009571607512337,0.2218017699551552,1550.0404520878951,10.59323704247708,7.95332371979113,10.128527806389092,2.761086649446185,9.503884674153776,4.223371932239245,-6.951539206496449,16.455423880650226,12.942069532823496,5.858408660227877,7.986092250044833,8.469331630605392,7.346681244131009,6.4090193406164335,7.676630467061458,8.36373762798883
2374.034956920418,Izmir,52.13122294160118,12351.889994654844,46.243566066885016,0.0383708590732344,14629.423767628925,3850.964104121339,902.8726337803748,Turkey,0.7825872424919328,38.48401260101595,3919613.454804578,2019,5195.260766093903,317.3290449073584,142973.86274509804,20363.414,3.7036515867414974,0.00098248568348,0.0360371442430544,1471.162323140043,9.92149513833633,8.555502097864313,9.59079010620013,1.309319248304961,8.256078812587706,3.953764057963913,-6.925424785848585,15.18150359843629,11.870417114529802,3.833922342214102,5.759939232084541,9.421564366351747,7.294487567081417,6.806688458630121,7.772767435063757,1.6486071369492492
3201.1929149410034,K. Maras,36.32639735539754,14527.419251457348,4.884115813032845,0.006939477719259,4541.567749944036,544.8959603309631,458.0081733030439,Turkey,0.3863477490318003,37.92138843402097,1228563.928819913,2019,4056.080341530561,84.56862898733146,17766.0,4983.154,0.9848674933588648,0.0004435226751727,0.0088655492759599,2743.18474163796,8.513818302881115,8.307972353144507,8.421027550797316,-0.0152481713680481,6.300594877964514,3.592544676862304,-7.720761629736368,14.021356507700885,9.785041797329646,1.5859882687095035,4.437563382090432,9.58379312561045,7.917239312249315,6.129068016662451,8.071591140005705,0.3430171535457066
3026.8765242221643,Karabük,37.19470863342285,3306.432008789849,10.476255943717796,0.0072804879354463,1365.5464398704332,185.97354316711423,29.1952733203378,Turkey,0.4292964079870096,41.16564003618163,265360.01401298505,2019,6096.969831787959,80.25569959023792,8666.0,1617.892,1.2427128072909492,0.0007008348407684,0.0129946006930453,2997.6812509018264,7.388879346317689,8.71554717785358,7.219309949760889,0.2172967377966209,5.225604422558965,3.616166510124865,-7.263238303869418,12.488842726428382,9.067162602299854,2.349111357782475,4.38521778241943,8.103624944008953,8.005927887972577,3.407685399559857,8.01561683572793,0.4893165792307179
2908.026038058782,Karaman,49.072208404541016,8321.84550947052,6.799507316852849,0.0042127111236599,1927.6745802377968,343.5054588317871,370.0477556038485,Turkey,0.2207081562792429,37.04384016990547,253882.78283958364,2019,3424.8442933974025,30.50799039115267,14169.0,869.509,0.7383429959589428,0.0013530080889684,0.0035987789554696,2537.9782824549334,6.767928684517077,8.138811287881127,7.564069674740785,-0.3033467981790708,5.839203003331726,3.893292854276413,-6.605424951268497,12.444627954600223,9.558811758564229,1.9168501561531937,3.4179886293403805,9.026639325259843,7.839517028085951,5.916330775627733,7.975573609317563,0.104485116794162
4316.660920749868,Kars,29.64430975914001,10340.63640951726,3.131907103063224,0.0029396134235429,2153.0646876749443,118.57723903656006,21.20660383553766,Turkey,0.2342127257321704,40.47415244893863,317009.8168076921,2019,981.0074751995944,30.656702765017855,8104.0,310.989,0.6329221635210017,0.0003740491074713,0.0025117527677583,4295.45431691433,5.739757541778789,6.88858007951553,7.674647542279914,-0.4574078288205034,4.775564554457473,3.389270193337582,-7.89112346577006,12.666688020227532,9.000113045928519,1.141642117108604,3.422851325749919,9.243836694477611,8.365545384068875,3.100389714712049,8.370469081069135,0.0300744545774545
2962.367171124772,Kastamonu,58.16901016235352,13441.629011807288,0.0294401645710447,0.0024405157052513,3198.498062436432,58.16901016235352,23.09104901908269,Turkey,0.3248922959738086,41.490542182201104,382858.1848604967,2019,2604.1339572335,28.483019768228203,99.0,997.014,0.7124512195286617,0.0001519335682572,0.0024097692148921,2939.276122105689,6.904764811989628,7.864855444875328,8.070436623117438,-0.3390438330025078,4.063352741486908,4.063352741486908,-8.792067183591666,12.855419925078571,4.59511985013459,-3.525395395088013,3.349308112110654,9.50611181296792,7.986258775006174,3.1818403615102646,7.994081458601904,0.0741735989829961
3449.851800555145,Kayseri,45.86515992028372,15917.479201123117,16.894663496362543,0.0139069612387142,7197.232345514909,1284.2244777679443,135.06636396749263,Turkey,0.3798573975044564,38.6794072600738,1464324.531203832,2019,2507.57323377032,91.99475072035976,67320.0,3671.901,1.4101160551557426,0.0008770081019623,0.014669050822071,3314.785436587653,8.208464790592618,7.827070725300063,8.881451834648628,0.3436720096240022,7.157910295891536,3.825705785716332,-7.038994327365294,14.19690462325683,11.117212648304742,2.8269978026173552,4.521731518033811,9.67517310522302,8.106449808669431,4.913142737066448,8.146376378262572,0.2306835745537468
2852.743117172965,Kilis,49.86159086227417,1420.3090873180645,13.717900656044986,0.0067543108395652,789.2404402764407,199.44636344909668,1230.8939908042755,Turkey,0.8072896437272695,36.80553364600315,156703.00003519029,2019,1943.3897240742776,110.33021011721384,4879.0,304.535,1.776564318619509,0.0012727667205114,0.0091362835858328,1621.8491263686892,5.718786023073301,7.572189007789362,6.671071014949719,0.574681341069545,5.295545345290217,3.909250984170326,-6.666562227957997,11.962107573248211,8.492695559815838,2.6187015971821936,4.703477779213562,7.258629794034652,7.391938603470025,7.116308093966158,7.956386785987559,0.2144145965967493
2834.074616525668,Kinkkale,42.45086510288078,4682.775172465254,0.0,0.005319942198018,1558.2239872667144,115.36646869135838,471.17380724635575,Turkey,0.39606750963707,39.78009790541659,275468.58927218977,2019,3009.624444625195,58.82592674787095,0.0,829.057,1.0218177526609933,0.0004188008113598,0.0052824412155888,2362.9008092793115,6.720288910310807,8.009570580731085,7.3513019819938465,0.0215831516733964,4.7481137459187694,3.748347291887293,-7.7781151416252285,12.526228887543995,0.0,-4.605170185988091,4.074582688809277,8.451646198734721,7.768068418795993,6.1573471534948645,7.949823535577634,0.1770439471181234
2445.545201224607,Kirklareli,41.38134574890137,6352.939247661683,4.988896537940533,0.0072037240433734,2347.533445810572,82.76269149780273,507.0371443074533,Turkey,0.4061185827857038,41.68192558222664,380460.31666708057,2019,6277.385302420025,59.887290250275264,7929.0,2388.296,1.10316014735626,0.0002175330458188,0.004876050849099,1938.5080569171537,7.778335419929769,8.744708819645389,7.761120458397569,0.0981789222580251,4.41597737407161,3.722830193511665,-8.433159784177045,12.849137158248656,8.978282203272398,1.6072147506282926,4.09246429980737,8.756672858441286,7.570189640992122,6.230554563620898,7.802432186432038,0.3759355956188399
2855.785325403672,Kirsehir,36.13663291931152,6762.883026636689,4.543212765070259,0.0063989274178804,1864.26320004434,72.27326583862305,360.9152248306145,Turkey,0.3573021101795463,39.3151233390882,263472.8373013383,2019,2221.2194850684414,38.95865657643474,7691.0,585.231,0.8520062585109858,0.0002743101208416,0.0036919409706416,2494.870100573057,6.372006641085378,7.70581164164504,7.530621187018035,-0.1601614065096295,4.280454293683358,3.587307113123413,-8.201251263721254,12.481705557404611,8.947806093057054,1.5136344192862112,3.662500996055447,8.819204561349165,7.822392685095392,5.891409998849264,7.957452259541924,0.0865357270996666
2261.095088394932,Kocaeli,41.47297009696688,4074.369080633764,138.0935378009978,0.0752920020252457,7835.77218595147,2573.4384542914,422.0768086326378,Turkey,0.928800216444549,40.85785031596773,2115297.2750872434,2019,6764.877054649356,519.1717375683136,140761.72156862743,14309.726,5.812938110874371,0.0012165847725517,0.0949461729677229,1839.0182797622945,9.568694724917846,8.819499366699812,8.966454705894423,1.7600861419868743,7.852998203629607,3.72504189206905,-6.711707712552701,14.564705916182309,11.85482382188522,4.92793126569981,6.2522347293325975,8.312471186849711,7.517530785207104,6.047553743254315,7.7240466931023954,3.512132974898321
2860.26604046194,Konya,39.273076612608776,40951.38792332313,9.989647086899833,0.0106616923949485,13099.394085109512,2749.115362882614,386.50897654845824,Turkey,0.2893024362548211,38.03804501420272,2329547.338467886,2019,3336.7117601105383,56.88567485990223,102432.0,7773.028,1.0061114926418162,0.0011801071038507,0.0087281359191332,2473.757063913481,8.95841507143652,8.11274109806848,9.480321255074465,0.0060928932123759,7.919034452684,3.6705392106346415,-6.742150078648314,14.661184531332315,11.53695444276959,2.3015492653998084,4.041043549504014,10.6201409818283,7.813897514190622,5.959739013811435,7.959019477353968,0.1898111002868601
2831.0922840638627,Kütahya,57.1450252532959,12230.687910467108,2.865263961510576,0.0050571758350289,3778.0843739024585,228.5801010131836,234.36735065392543,Turkey,0.3885232588003254,39.27275114877431,613486.6988299539,2019,2436.1734375829747,50.15962334423787,8772.0,1494.56,0.9553322703349042,0.0003725917798203,0.0048176683061789,2596.7249334099374,7.309587128124538,7.798183823989512,8.236972380766673,-0.0456960719617323,5.43188670038546,4.04559233926557,-7.895027161713839,13.3269138620993,9.07932010953778,1.0526604790852083,3.915210387210305,9.411703474888997,7.862391315339627,5.461147487899787,7.948771040463435,0.1221975420303992
3388.1169205390865,Malatya,65.23208618164062,11492.674409715362,3.5151033581341986,0.0070700090854415,4007.7587434616735,456.6246032714844,556.5108678513676,Turkey,0.3524538935081892,38.513431628356784,801836.2705213462,2019,1979.8331135205715,69.76933670404095,10114.0,1587.502,1.0899801619248983,0.0005694736195639,0.0061687445506015,2831.606052687719,7.369916990608573,7.590767834035587,8.295987447205897,0.0861594960065284,6.123861616287222,4.1779514672319085,-7.470798098250039,13.59465971453726,9.221675881639928,1.2570689297049076,4.245194611012461,9.3494651035248,7.94895243357379,6.323481997048068,8.128324671023472,0.1381316431150264
2522.191694909397,Manisa,28.368038272857667,13224.87656292129,6.371677485075336,0.0116271981675779,6217.003070604919,283.68038272857666,783.4876021614307,Turkey,0.5869911941670013,38.76442280282499,1702965.0483401867,2019,2957.523411833341,128.76982558119337,21095.0,5036.559,1.4641009073695206,0.0001665802730391,0.0119303226517118,1738.7040927479668,8.524478389798388,7.992107511910252,8.735043248173818,0.3812413389626989,5.647848191480997,3.345263098486951,-8.700033244371411,14.34788143585241,9.95679132455844,1.8518627763718936,4.858026512786005,9.489854923066405,7.461470316107355,6.665030768557364,7.833279924712154,0.3808397738940753
3268.781681647686,Mardin,41.11862986668466,10529.888483307584,6.527857715433841,0.0058181723635039,4255.562577364027,256.2255014045566,1427.4063072655554,Turkey,0.605187660540752,37.36671581993864,902474.0475537108,2019,2274.189496709989,85.70594541284554,17213.039215686276,2052.397,1.2827520361004083,0.000283914537043,0.0077276919868228,1841.3753743821308,7.6267636573633695,7.729379002725111,8.355982247864478,0.249007798131921,5.546057921607337,3.716461300229047,-8.166837290995195,13.712895212602533,9.753422469528733,1.8760788213816584,4.450922197909737,9.261973014692796,7.51881098236316,7.264314631326307,8.092478497640368,0.1949115608634929
2568.2147388250287,Mersin,36.62330927567749,15234.062803999932,23.32472293624372,0.0154575198411063,7248.1017146904705,1401.021105820525,520.1959034601459,Turkey,0.3986142909181415,36.69154197200763,1678442.368520998,2019,3197.6182802923904,110.17693639022532,88997.1725490196,5367.018,1.5232299839013073,0.0008347150501539,0.0173664576676054,2048.0188353648828,8.58802772600016,8.070161524259804,8.888494881108132,0.420833069670377,7.244956611049033,3.600684903150248,-7.088420148655596,14.33337675970463,11.396359879097488,3.1495138682595885,4.702087586159945,9.631289173544683,7.6251163406636495,6.256125985396597,7.85135558210431,0.3523037858679963
2356.807402875709,Mugla,19.6743101717442,12828.791990195345,11.413081912129575,0.0097579467868844,5685.997395162371,420.3358502574996,849.620934436117,Turkey,0.5044927119527871,37.02663941014804,1032778.1950558824,2019,3348.176807521479,80.50471126550367,36657.20784313726,3457.924,1.4131933740090394,0.000406995279596,0.0120807531886377,1507.186468439592,8.148423687979738,8.116171240107887,8.64576183409659,0.3458519478483852,6.041054035203148,2.979313732532226,-7.806708970632976,13.847763005836123,10.50936535491256,2.434760233635831,4.388315707749308,9.459447298086817,7.318663193734923,6.745966593892315,7.765487399591715,0.2695440071553725
3952.386476888482,Mus,19.883862495422363,8139.192090348977,1.2770908558978191,0.0019068785221168,2202.4021614926687,39.76772499084473,407.6987501160088,Turkey,0.3345865336300336,39.01373003648739,414280.6269044752,2019,950.7854686403756,50.89947777442275,2602.0,393.892,0.8398723338546978,9.59922390964576e-05,0.0036808841820618,3544.687726772473,5.976076760047335,6.857288452071368,7.697303935253937,-0.1745053822017533,3.683055653430619,2.989908472870674,-9.251243212509625,12.93429886594024,7.86403565907245,0.2445847224426248,3.929852663669321,9.00444620227092,8.173487419240393,6.012978332371302,8.28232782651378,0.0483944838293049
3018.9277853078142,Nevsehir,22.34704971313477,5154.597053565362,3.2392139461943388,0.0117866886438558,2302.3050401314804,14.021678251378676,298.8457411838373,Turkey,0.549758094881747,38.81131555479863,297724.8421566976,2019,2468.709008881292,57.75909136307085,4179.678431372549,734.996,1.3903038679563395,4.7096097691434265e-05,0.0062019120092812,2720.082044123977,6.599865057021157,7.811450624514133,7.741666091420269,0.3295223332914394,2.640604578535111,3.1066943084597103,-9.963320411936188,12.6039249904713,8.337989592265867,1.1753306911705872,4.05628076321206,8.547644227259239,7.908784890524186,5.7032681463582,8.012988197933286,0.1425903891928106
3304.925165716239,Nigde,42.46991110320139,7224.699994649794,4.997946963587329,0.0077058248377811,2859.005106526496,151.39274193258848,130.949425943051,Turkey,0.4521437533546895,37.95402600608082,374664.94064273225,2019,3032.504183740576,51.85889253812449,9040.756862745098,1136.173,1.246228734541517,0.0004040750161274,0.0051263458080376,3173.975739773188,7.03542087641874,8.01714402045141,7.95822897844401,0.2201219785908681,5.019877400175133,3.7487958511560806,-7.813910013756471,12.833787413931605,9.109498173636572,1.6090272208293128,3.948526425044947,8.885260988886657,8.06305527028128,4.882418712375648,8.10347164222527,0.1572623085860154
2856.2233158500007,Ordu,37.548285170371486,5891.325943182901,3.7596490247880223,0.0041673968171481,2772.702169194642,94.82782607733034,15.051825675983329,Turkey,0.7118821593378815,40.78762204926976,647691.0157013251,2019,1901.2182817861503,109.9397694080728,5541.678431372549,1231.402,1.4241410872115043,0.0001464090496525,0.011341584257184,2841.171490174017,7.115908636643405,7.55025016061312,7.927577636023067,0.35356888617984,4.5520628902137,3.6256277092677727,-8.829106143780859,13.381169033994558,8.620052699808136,1.324325608573666,4.6999326649960125,8.681236368998546,7.952323648206747,2.7758225923895163,7.957605563631814,0.2090194994939817
2531.1998868657074,Osmaniye,28.011661182750355,3064.0776733518987,28.97214796489489,0.0155565587671884,1675.771702426204,308.1282730102539,1034.377083658907,Turkey,0.725914804099885,37.2662518116955,579623.4919121298,2019,6628.932494306987,189.16736248336028,22228.0,3842.285,1.738755565803974,0.0005316007327338,0.0189213634726086,1496.8228032068002,8.253822520691816,8.799199058799434,7.424029056027667,0.5531696652879042,5.730516167086189,3.332620894287819,-7.539617852770467,13.270134019856656,10.009108034399812,3.3663349534888525,5.242632139006816,8.02750188084984,7.311767868166461,6.942520971384259,7.836843724407891,1.2539776760282952
3797.4502047000506,Rize,1.1601592449795657,3647.534966447104,0.0,0.0014252506363305,1401.426871494335,1401.426871494335,0.0,Turkey,0.3895302405609845,40.93137057168376,265351.67751071526,2019,2777.1296074442275,72.74822036022374,0.0,736.916,1.1601592449795657,0.0052813944296159,0.0071215475964105,3797.4502047000506,6.602473910116965,7.929173157965719,7.245246190502375,0.1485572758510131,7.245246190502375,0.1485572758510131,-5.2435651196131445,12.48881131011552,0.0,-4.605170185988091,4.28700444334997,8.201806866765551,8.242348421656363,0.0,8.242348421656363,0.2020312366512543
2377.019355018132,Sakarya,31.179242916377955,4671.804098484734,18.08914979621274,0.0209138232543006,3456.4069751363186,568.4403934048672,291.61008812833,Turkey,0.7250599861726783,40.741012948371065,1001061.5640223316,2019,3617.01930244045,214.27729907318215,21146.92549019608,3620.859,2.24028981114462,0.0005678375974408,0.0301207395834119,2085.409266889801,8.194466569488009,8.193405568526316,8.14798488200025,0.8066052374733581,6.342896458801508,3.4397525822693487,-7.47367510012446,13.816571558925968,9.959249807013832,2.8953122997517555,5.367270966272046,8.449300592653922,7.643199813291585,5.6788409655321175,7.774023216417827,0.7750451268225051
2544.902634786009,Samsun,37.34742505943067,9534.038727587626,12.946027215738235,0.011131103649978,5712.021444285326,634.0274630677466,173.83916326914712,Turkey,0.6270128951433278,41.21315655585417,1499189.935712054,2019,2146.3237734928507,157.2460505508551,30880.13333333333,3217.747,1.8013446322500497,0.000422913366722,0.0145863695060172,2371.0634715168617,8.076436704200562,7.671511784826695,8.650328258264006,0.5885334039398058,6.452092270640621,3.620263968357067,-7.768343206697519,14.22043547733814,10.337868321918682,2.5607889623718605,5.057811779531313,9.162623697806827,7.771515518409214,5.163866484289011,7.842240535961115,0.3375009365851588
3258.406950199742,Sanliurfa,51.049337410599485,19617.658001827152,5.329177851585606,0.0076322298271328,7809.595774729453,714.4905302683512,1627.3657580522147,Turkey,0.6508561288072141,37.25062321674547,2170930.649179529,2019,2314.277981150065,110.6620703132521,26182.0,5024.137,1.2653048932712514,0.0003291171602088,0.008774837245267,1631.041192147527,8.52200897688452,7.746853030681212,8.963108484097274,0.2353131154870788,6.571569743633878,3.932792565302144,-8.019096760533703,14.59066650416758,10.172827430740044,1.6731969770466468,4.70648114607186,9.88418535809572,7.397586775491996,7.39533218843685,8.089300540695184,0.2561027926744396
3612.435101575348,Siirt,32.664249420166016,4992.1857133660405,0.0,0.0037854046671812,1694.074119059712,32.664249420166016,830.6634005184615,Turkey,0.4506408036023557,37.94809964390816,372741.3459608263,2019,1326.1206607649826,74.66495987175546,0.0,494.3,1.0688032568663142,8.763248234768918e-05,0.0071998814137178,2781.7717010568867,6.203142620312914,7.190013162657941,7.434891628127148,0.0665395710133355,3.486281189922668,3.486281189922668,-9.34235882569658,12.828640015619246,0.0,-4.605170185988091,4.313010904065244,8.515629111554002,7.931202724764232,6.723427792277487,8.192414150571535,0.0990147459211232
2663.3674623556567,Sinop,0.7261997935436907,6049.673032598282,0.0,0.0030042186900754,1470.241319269935,1470.241319269935,160.0457362270728,Turkey,0.3522357703892381,41.62313463700044,199666.38797817408,2019,1822.1494548184548,33.00449245806912,0.0,363.822,0.7261997935436907,0.0073634893391803,0.0034506480248327,2503.321726128584,5.896664737042863,7.507772102347378,7.293181829068213,-0.3199301042987051,7.293181829068213,-0.3199301042987051,-4.911221363591546,12.204403192659758,0.0,-4.605170185988091,3.496643687293944,8.707759505365816,7.825773208842147,5.081688400587083,7.887721958467631,0.0601391179390304
3631.470026195403,Sirnak,32.55948352813721,7859.407454775015,2.2067141541736257,0.0024185249526964,2141.005815064964,65.11896705627441,735.934665045218,Turkey,0.3396636777325197,37.50653180813276,587471.0637231957,2019,1052.5165206968238,74.74750063584949,4342.0,618.323,0.8629444602635604,0.0001108462545262,0.0063511134622684,2895.535361150185,6.427010974643489,6.958939262057406,7.669031004636889,-0.1474049465588368,4.176215859410531,3.483068678850586,-9.107366411139823,13.283582270550356,8.376090350438238,0.7915046010675143,4.314115775402084,8.969466495148273,7.971270598696298,6.602499238388901,8.197668143846844,0.0786729793000279
3641.505328726481,Sivas,62.03835487365723,28341.416260908434,1.9900201443494103,0.0028254028862577,5865.241560823192,372.23012924194336,44.48490459892668,Turkey,0.2109168368631797,39.56778935705046,689571.2802120701,2019,1790.879399182936,24.33086878453572,14117.0,1234.939,0.637309745159003,0.000539799350587,0.0018676803410164,3597.020424127554,7.118776855129667,7.490462062653842,8.676798947080545,-0.4504994854575962,5.919512289996819,4.127752820768763,-7.524313060443281,13.4438253504401,9.5551350238842,0.6881447614738143,3.1917458645235306,10.252079485916568,8.188139091016756,3.817380503853483,8.200427000999376,0.0435736516704481
2339.953577703439,Tekirdag,33.01911340552816,6621.240872775322,14.74811968664995,0.0243462257286747,4733.64068578961,591.7543069147596,655.853691452757,Turkey,0.6134154302776482,41.11197939458823,1109538.8553015117,2019,6827.205702446101,167.57264636959866,24430.0,7575.05,2.153044165533464,0.0005333335593316,0.0212687267108862,1684.0998862506815,8.932615231015852,8.828670747687385,8.462449886430669,0.7668827316569475,6.3830915266350505,3.4970865879052258,-7.53636351465769,13.91945504129274,10.103567164251784,2.691115595788517,5.121416966909513,8.798038074383227,7.429580120703487,6.487461301832369,7.758313637180425,1.1440529268685078
3086.123561877609,Tokat,42.4430128733317,9834.512117475831,6.952211481479118,0.0065026769657088,3376.5218878041264,254.65807723999023,58.03369398875341,Turkey,0.4243751441508148,40.3659939638559,537016.4229585251,2019,1537.5414320685857,54.60529373940698,17114.0,825.685,1.0451851580986076,0.0004742091048855,0.0055867991405292,3028.089867888856,6.716213344854109,7.337939947004475,8.124601431388118,0.044194054504761,5.539921771814384,3.7481623025863287,-7.653862183999524,13.193783955813908,9.747652120978,1.9390598077361807,4.000130832985227,9.19365312282868,8.016017479748179,4.078108365454135,8.03499505022448,0.0839579015346135
3285.224472076347,Trabzon,16.67051056540586,5037.54973762602,6.2539717110871855,0.0040298742990114,2603.094636230844,61.12520540648815,0.0,Turkey,0.5936335586593499,40.79734254688063,699924.2496939994,2019,2122.3196662344976,138.94140726119034,7882.4078431372545,1485.463,1.5634386137477103,8.733117252790076e-05,0.0150275529767715,3285.224472076347,7.303481787153894,7.66026495167112,7.864456260934081,0.4468876350712453,4.112924308222734,2.813641324092473,-9.345803085224317,13.458727393447049,8.972388700026706,1.8332167356943008,4.9340523137667045,8.524675079680344,8.09749460791239,0.0,8.09749460791239,0.2948780810847209
3832.4209934216033,Tunceli,0.5359180195804233,8080.7230433474515,0.0,0.0003831993387932,1398.508545864855,1398.508545864855,396.4547472087968,Turkey,0.2034993545594851,39.18866263785659,71974.3435843719,2019,1753.944443439298,8.906918749507893,0.0,126.239,0.5359180195804233,0.0194306537054478,0.0008651755918697,3435.9662462128067,4.838176935646671,7.469622498222564,7.243161623359744,-0.6237740781531428,7.243161623359744,-0.6237740781531428,-3.940903372028637,11.18406499538838,0.0,-4.605170185988091,2.1868283623140305,8.997236633074351,8.142344456089596,5.985081084113841,8.251512893270881,0.0156222406488646
2703.4291965841776,Usak,56.55510787963867,4913.2068860871095,18.045470921501924,0.0108114174553888,2351.2707582172225,282.77553939819336,625.9708280175247,Turkey,0.514435702083619,38.53575462670647,400747.8506810078,2019,4195.201539179899,81.56543373246072,22196.0,1681.218,1.4952530477334354,0.0007056196032434,0.0089427187777965,2077.458368566653,7.427273809711762,8.341696660460022,7.762711209164135,0.4022954552172856,5.644653435932886,4.035215523498786,-7.256434271283128,12.901087707216014,10.007667371445793,2.8928947348172342,4.401405566003757,8.499682141212258,7.63938172893552,6.4409000132627,7.902646151114532,0.3421834331382952
4440.614800302874,Van,44.2278772241929,21061.252076520384,5.284933805248131,0.0047507763676821,6431.351849214705,751.8739128112793,124.68414441135192,Turkey,0.3196334430791713,38.47541890233233,1368998.7903205492,2019,728.7917323625877,65.00082641557401,27867.0,997.715,0.9548148273612092,0.000549214446446,0.0052624934718494,4315.930655891522,6.905467664385976,6.591388001702736,8.76894003606955,-0.0462378553531541,6.622568640757862,3.789355296701646,-7.507021579889652,14.129590220647517,10.23519847205563,1.664860094219757,4.174399983900567,9.955190236746946,8.37029993239462,4.833771969305581,8.398773283067634,0.047372064888406
2175.2139016444253,Yalova,33.1536103683182,655.0125374716674,107.26500430745672,0.0277570756003126,841.4608251946814,164.33789610021256,537.184395401223,Turkey,0.7999636594894158,40.58624257725165,269676.4375528171,2019,4519.634755859181,411.7118713387711,17578.0,1218.839,3.8988372930797457,0.0006093891538745,0.0543976357697507,1638.0295062432024,7.10565404528684,8.416186463335434,6.735139459005537,1.3606783787064711,5.101924650304826,3.501151620756449,-7.403053489610855,12.504978139915682,9.77440339912459,4.675302448325619,6.020323763285502,6.48465437663018,7.401859581170682,6.288201243820487,7.68534190353273,1.8607872831025327
3083.341976682871,Yozgat,49.80659294128418,13179.569377824871,1.390551924352625,0.0039677091627996,3645.5938439055394,99.61318588256836,193.67861393565488,Turkey,0.3215902248139057,39.66292399634988,383164.9392412347,2019,1881.797957370116,29.07264480779807,4587.0,721.039,0.850740652456254,0.0002599746889155,0.0030314801380096,2889.663362747216,6.580693227361583,7.539982959106094,8.201274551311409,-0.1616479530769951,4.601294544207184,3.90814736364724,-8.254926282012578,12.856220826219763,8.430981494597171,0.3297007362115976,3.369797691092704,9.486423135127058,7.9692412920496,5.271350065234006,8.034093615916627,0.0547088436146613
2417.2339243878137,Zinguldak,30.380738462259867,3052.364191225479,16.35840905705348,0.0164374150920093,2359.134010726096,237.8037410614537,184.73718129070167,Turkey,0.7919929265316838,41.25196533720868,662647.4395667084,2019,4481.09027923147,217.09317697789703,12488.650980392156,2969.383,2.3227353809910367,0.0003588691766725,0.0238761484965253,2232.496743097112,7.996109466107205,8.407621661700235,7.766049886071423,0.8427455346828783,5.471445716098678,3.413808804385696,-7.932552646272565,13.403998362371244,9.432575589311334,2.794742080544536,5.380326648375162,8.023671713996082,7.711323682585205,5.224332670668492,7.790792769418443,0.9728141250431316
