Date;Région;Filière;Valeur (TWh)
2014-01;"Île-de-France";"Gross consumption";7,729821443514
2014-02;"Île-de-France";"Gross consumption";6,852540717934
2014-03;"Île-de-France";"Gross consumption";6,581024138855
2014-04;"Île-de-France";"Gross consumption";5,452647871427
2014-05;"Île-de-France";"Gross consumption";5,329635734029
2014-06;"Île-de-France";"Gross consumption";4,868863482667
2014-07;"Île-de-France";"Gross consumption";4,940822419375
2014-08;"Île-de-France";"Gross consumption";4,399373340021
2014-09;"Île-de-France";"Gross consumption";4,927456356978
2014-10;"Île-de-France";"Gross consumption";5,605546976612
2014-11;"Île-de-France";"Gross consumption";6,345869904918
2014-12;"Île-de-France";"Gross consumption";7,969688055505
2015-01;"Île-de-France";"Gross consumption";8,50106917118
2015-02;"Île-de-France";"Gross consumption";7,710683798605
2015-03;"Île-de-France";"Gross consumption";7,349275073519
2015-04;"Île-de-France";"Gross consumption";5,627491274927
2015-05;"Île-de-France";"Gross consumption";5,227687942029
2015-06;"Île-de-France";"Gross consumption";4,951531517833
2015-07;"Île-de-France";"Gross consumption";4,965488994208
2015-08;"Île-de-France";"Gross consumption";4,493310987353
2015-09;"Île-de-France";"Gross consumption";5,0202064591
2015-10;"Île-de-France";"Gross consumption";6,136230817279
2015-11;"Île-de-France";"Gross consumption";6,34305362981
2015-12;"Île-de-France";"Gross consumption";6,888929659184
2016-01;"Île-de-France";"Gross consumption";7,911483660815
2016-02;"Île-de-France";"Gross consumption";7,22781268645
2016-03;"Île-de-France";"Gross consumption";7,352723381834
2016-04;"Île-de-France";"Gross consumption";6,035129714818
2016-05;"Île-de-France";"Gross consumption";5,338522393142
2016-06;"Île-de-France";"Gross consumption";5,006320403932
2016-07;"Île-de-France";"Gross consumption";4,81064562768
2016-08;"Île-de-France";"Gross consumption";4,478698854945
2016-09;"Île-de-France";"Gross consumption";4,87817367364
2016-10;"Île-de-France";"Gross consumption";5,961297983596
2016-11;"Île-de-France";"Gross consumption";6,964198966782
2016-12;"Île-de-France";"Gross consumption";8,027265165709
2017-01;"Île-de-France";"Gross consumption";9,026957889302
2017-02;"Île-de-France";"Gross consumption";6,76596545887
2017-03;"Île-de-France";"Gross consumption";6,538435024098
2017-04;"Île-de-France";"Gross consumption";5,544759295724
2017-05;"Île-de-France";"Gross consumption";5,276930471524
2017-06;"Île-de-France";"Gross consumption";4,880167407833
2017-07;"Île-de-France";"Gross consumption";4,748039473343
2017-08;"Île-de-France";"Gross consumption";4,394004271405
2017-09;"Île-de-France";"Gross consumption";4,969763241421
2017-10;"Île-de-France";"Gross consumption";5,523443724171
2017-11;"Île-de-France";"Gross consumption";6,832443719978
2017-12;"Île-de-France";"Gross consumption";7,77652446222
2018-01;"Île-de-France";"Gross consumption";7,157813230879
2018-02;"Île-de-France";"Gross consumption";7,797377625397
2018-03;"Île-de-France";"Gross consumption";7,528851764959
2018-04;"Île-de-France";"Gross consumption";5,362471830305
2018-05;"Île-de-France";"Gross consumption";5,067761402552
2018-06;"Île-de-France";"Gross consumption";4,819159740159
2018-07;"Île-de-France";"Gross consumption";4,956292878601
2018-08;"Île-de-France";"Gross consumption";4,43054564666
2018-09;"Île-de-France";"Gross consumption";4,753153153567
2018-10;"Île-de-France";"Gross consumption";5,60192974908
2018-11;"Île-de-France";"Gross consumption";6,849997929002
2018-12;"Île-de-France";"Gross consumption";7,349822239379
2019-01;"Île-de-France";"Gross consumption";8,208853307834
2019-02;"Île-de-France";"Gross consumption";6,693029553963
2019-03;"Île-de-France";"Gross consumption";6,505699904369
2019-04;"Île-de-France";"Gross consumption";5,555929703254
2019-05;"Île-de-France";"Gross consumption";5,331552397961
2019-06;"Île-de-France";"Gross consumption";4,782282382742
2019-07;"Île-de-France";"Gross consumption";4,785006604832
2019-08;"Île-de-France";"Gross consumption";4,233721301133
2019-09;"Île-de-France";"Gross consumption";4,576007469231
2019-10;"Île-de-France";"Gross consumption";5,603563673168
2019-11;"Île-de-France";"Gross consumption";6,804428809501
2019-12;"Île-de-France";"Gross consumption";7,291337832294
2020-01;"Île-de-France";"Gross consumption";7,638473799398
2020-02;"Île-de-France";"Gross consumption";6,517914509927
2020-03;"Île-de-France";"Gross consumption";6,275082462443
2020-04;"Île-de-France";"Gross consumption";4,324764243326
2020-05;"Île-de-France";"Gross consumption";4,440913890956
2020-06;"Île-de-France";"Gross consumption";4,45486370881
2020-07;"Île-de-France";"Gross consumption";4,458483189524
2020-08;"Île-de-France";"Gross consumption";4,35587698474
2020-09;"Île-de-France";"Gross consumption";4,647610106656
2020-10;"Île-de-France";"Gross consumption";5,682384393005
2020-11;"Île-de-France";"Gross consumption";5,95210194517
2020-12;"Île-de-France";"Gross consumption";7,075860996005
2021-01;"Île-de-France";"Gross consumption";7,894660987484
2021-02;"Île-de-France";"Gross consumption";6,49675901383
2021-03;"Île-de-France";"Gross consumption";6,55654604616
2021-04;"Île-de-France";"Gross consumption";5,625495529579
2021-05;"Île-de-France";"Gross consumption";5,158802512508
2021-06;"Île-de-France";"Gross consumption";4,566871086087
2021-07;"Île-de-France";"Gross consumption";4,457590750459
2021-08;"Île-de-France";"Gross consumption";4,074933285519
2021-09;"Île-de-France";"Gross consumption";4,598587576065
2021-10;"Île-de-France";"Gross consumption";5,542573344452
2021-11;"Île-de-France";"Gross consumption";6,835149564841
2021-12;"Île-de-France";"Gross consumption";7,370481601973
2022-01;"Île-de-France";"Gross consumption";7,84040580403
2022-02;"Île-de-France";"Gross consumption";6,511246876849
2022-03;"Île-de-France";"Gross consumption";6,361981216422
2022-04;"Île-de-France";"Gross consumption";5,550800102992
2022-05;"Île-de-France";"Gross consumption";4,749782339188
2022-06;"Île-de-France";"Gross consumption";4,570085484254
2022-07;"Île-de-France";"Gross consumption";4,512118965866
2022-08;"Île-de-France";"Gross consumption";4,244038161502
2022-09;"Île-de-France";"Gross consumption";4,525686049925
2022-10;"Île-de-France";"Gross consumption";4,798934862743
2022-11;"Île-de-France";"Gross consumption";5,651936985432
2022-12;"Île-de-France";"Gross consumption";7,220202270777
2023-01;"Île-de-France";"Gross consumption";7,029341233505
2023-02;"Île-de-France";"Gross consumption";6,11552462394
2023-03;"Île-de-France";"Gross consumption";6,17868983831
2023-04;"Île-de-France";"Gross consumption";5,330694539221
2023-05;"Île-de-France";"Gross consumption";4,567801006049
2023-06;"Île-de-France";"Gross consumption";4,426419529123
2023-07;"Île-de-France";"Gross consumption";4,23322784568
2023-08;"Île-de-France";"Gross consumption";3,981611371152
2023-09;"Île-de-France";"Gross consumption";4,328158769885
2023-10;"Île-de-France";"Gross consumption";4,729682089063
2023-11;"Île-de-France";"Gross consumption";5,760202960866
2023-12;"Île-de-France";"Gross consumption";6,503624971815
2024-01;"Île-de-France";"Gross consumption";7,542817432507
2024-02;"Île-de-France";"Gross consumption";5,881623686316
2024-03;"Île-de-France";"Gross consumption";5,887885263027
2024-04;"Île-de-France";"Gross consumption";5,14541323452
2024-05;"Île-de-France";"Gross consumption";4,597493574066
2024-06;"Île-de-France";"Gross consumption";4,36065655574
2024-07;"Île-de-France";"Gross consumption";4,408972711439
2024-08;"Île-de-France";"Gross consumption";4,169224222434
2024-09;"Île-de-France";"Gross consumption";4,427197224269
2024-10;"Île-de-France";"Gross consumption";5,126726389045
2024-11;"Île-de-France";"Gross consumption";6,139773844575
2024-12;"Île-de-France";"Gross consumption";7,022208977775
2025-01;"Île-de-France";"Gross consumption";7,676199982151
2025-02;"Île-de-France";"Gross consumption";6,580384129659
2025-03;"Île-de-France";"Gross consumption";6,114541982722
2025-04;"Île-de-France";"Gross consumption";4,86823869985
2025-05;"Île-de-France";"Gross consumption";4,592458772848
2025-06;"Île-de-France";"Gross consumption";4,596985875332
2025-07;"Île-de-France";"Gross consumption";4,515729547684
2025-08;"Île-de-France";"Gross consumption";4,10466932651
2025-09;"Île-de-France";"Gross consumption";4,480345727095
2025-10;"Île-de-France";"Gross consumption";5,264949571314
2025-11;"Île-de-France";"Gross consumption";6,138088011592
2025-12;"Île-de-France";"Gross consumption";6,797093169168
2026-01;"Île-de-France";"Gross consumption";7,49906669617
2026-02;"Île-de-France";"Gross consumption";5,958023164597
2026-03;"Île-de-France";"Gross consumption";5,853412682679
2026-04;"Île-de-France";"Gross consumption";4,939162879647
2026-05;"Île-de-France";"Gross consumption";4,846044307675
2026-06;"Île-de-France";"Gross consumption";4,843667263699
2026-07;"Île-de-France";"Gross consumption";4,826494949289
2014-01;"Centre-Val de Loire";"Gross consumption";1,921951262999
2014-02;"Centre-Val de Loire";"Gross consumption";1,738528492334
2014-03;"Centre-Val de Loire";"Gross consumption";1,659474395999
2014-04;"Centre-Val de Loire";"Gross consumption";1,421900078667
2014-05;"Centre-Val de Loire";"Gross consumption";1,292989312
2014-06;"Centre-Val de Loire";"Gross consumption";1,184897289335
2014-07;"Centre-Val de Loire";"Gross consumption";1,237245376664
2014-08;"Centre-Val de Loire";"Gross consumption";1,118510609
2014-09;"Centre-Val de Loire";"Gross consumption";1,231916071833
2014-10;"Centre-Val de Loire";"Gross consumption";1,381932456334
2014-11;"Centre-Val de Loire";"Gross consumption";1,562206495833
2014-12;"Centre-Val de Loire";"Gross consumption";1,997626050832
2015-01;"Centre-Val de Loire";"Gross consumption";2,062875003503
2015-02;"Centre-Val de Loire";"Gross consumption";1,927675006668
2015-03;"Centre-Val de Loire";"Gross consumption";1,778663611501
2015-04;"Centre-Val de Loire";"Gross consumption";1,374079240498
2015-05;"Centre-Val de Loire";"Gross consumption";1,254473735499
2015-06;"Centre-Val de Loire";"Gross consumption";1,305218576666
2015-07;"Centre-Val de Loire";"Gross consumption";1,317255084
2015-08;"Centre-Val de Loire";"Gross consumption";1,170405998167
2015-09;"Centre-Val de Loire";"Gross consumption";1,250511643833
2015-10;"Centre-Val de Loire";"Gross consumption";1,464549674999
2015-11;"Centre-Val de Loire";"Gross consumption";1,530789545332
2015-12;"Centre-Val de Loire";"Gross consumption";1,712027037
2016-01;"Centre-Val de Loire";"Gross consumption";1,961040091503
2016-02;"Centre-Val de Loire";"Gross consumption";1,844492159001
2016-03;"Centre-Val de Loire";"Gross consumption";1,851925994173
2016-04;"Centre-Val de Loire";"Gross consumption";1,489851127334
2016-05;"Centre-Val de Loire";"Gross consumption";1,278292854
2016-06;"Centre-Val de Loire";"Gross consumption";1,179670502166
2016-07;"Centre-Val de Loire";"Gross consumption";1,213518002
2016-08;"Centre-Val de Loire";"Gross consumption";1,185583122
2016-09;"Centre-Val de Loire";"Gross consumption";1,196084050499
2016-10;"Centre-Val de Loire";"Gross consumption";1,458292282835
2016-11;"Centre-Val de Loire";"Gross consumption";1,731226292335
2016-12;"Centre-Val de Loire";"Gross consumption";2,028967012833
2017-01;"Centre-Val de Loire";"Gross consumption";2,293724106831
2017-02;"Centre-Val de Loire";"Gross consumption";1,722467840832
2017-03;"Centre-Val de Loire";"Gross consumption";1,67955468033
2017-04;"Centre-Val de Loire";"Gross consumption";1,433575557834
2017-05;"Centre-Val de Loire";"Gross consumption";1,283067990333
2017-06;"Centre-Val de Loire";"Gross consumption";1,254512465834
2017-07;"Centre-Val de Loire";"Gross consumption";1,260940376001
2017-08;"Centre-Val de Loire";"Gross consumption";1,172800553
2017-09;"Centre-Val de Loire";"Gross consumption";1,200203020499
2017-10;"Centre-Val de Loire";"Gross consumption";1,364136645998
2017-11;"Centre-Val de Loire";"Gross consumption";1,744734893008
2017-12;"Centre-Val de Loire";"Gross consumption";2,006160802168
2018-01;"Centre-Val de Loire";"Gross consumption";1,886715099168
2018-02;"Centre-Val de Loire";"Gross consumption";2,0092972105
2018-03;"Centre-Val de Loire";"Gross consumption";1,853226907834
2018-04;"Centre-Val de Loire";"Gross consumption";1,326256075667
2018-05;"Centre-Val de Loire";"Gross consumption";1,225702743333
2018-06;"Centre-Val de Loire";"Gross consumption";1,190405113334
2018-07;"Centre-Val de Loire";"Gross consumption";1,270887265
2018-08;"Centre-Val de Loire";"Gross consumption";1,2248805075
2018-09;"Centre-Val de Loire";"Gross consumption";1,187612561837
2018-10;"Centre-Val de Loire";"Gross consumption";1,363029046002
2018-11;"Centre-Val de Loire";"Gross consumption";1,679510706993
2018-12;"Centre-Val de Loire";"Gross consumption";1,902324349827
2019-01;"Centre-Val de Loire";"Gross consumption";2,170704835829
2019-02;"Centre-Val de Loire";"Gross consumption";1,765750425007
2019-03;"Centre-Val de Loire";"Gross consumption";1,710057849337
2019-04;"Centre-Val de Loire";"Gross consumption";1,425597785333
2019-05;"Centre-Val de Loire";"Gross consumption";1,317291507167
2019-06;"Centre-Val de Loire";"Gross consumption";1,195267728165
2019-07;"Centre-Val de Loire";"Gross consumption";1,304165946829
2019-08;"Centre-Val de Loire";"Gross consumption";1,205841611
2019-09;"Centre-Val de Loire";"Gross consumption";1,223610459331
2019-10;"Centre-Val de Loire";"Gross consumption";1,363047871671
2019-11;"Centre-Val de Loire";"Gross consumption";1,685509549328
2019-12;"Centre-Val de Loire";"Gross consumption";1,828140794996
2020-01;"Centre-Val de Loire";"Gross consumption";1,952934415663
2020-02;"Centre-Val de Loire";"Gross consumption";1,75431998
2020-03;"Centre-Val de Loire";"Gross consumption";1,652139267834
2020-04;"Centre-Val de Loire";"Gross consumption";1,211899381167
2020-05;"Centre-Val de Loire";"Gross consumption";1,177303090496
2020-06;"Centre-Val de Loire";"Gross consumption";1,140569181836
2020-07;"Centre-Val de Loire";"Gross consumption";1,250355062832
2020-08;"Centre-Val de Loire";"Gross consumption";1,16747712
2020-09;"Centre-Val de Loire";"Gross consumption";1,191022305
2020-10;"Centre-Val de Loire";"Gross consumption";1,485979462335
2020-11;"Centre-Val de Loire";"Gross consumption";1,596966205487
2020-12;"Centre-Val de Loire";"Gross consumption";1,936773282227
2021-01;"Centre-Val de Loire";"Gross consumption";2,094634033669
2021-02;"Centre-Val de Loire";"Gross consumption";1,793519935169
2021-03;"Centre-Val de Loire";"Gross consumption";1,755641870511
2021-04;"Centre-Val de Loire";"Gross consumption";1,452369413168
2021-05;"Centre-Val de Loire";"Gross consumption";1,314963623002
2021-06;"Centre-Val de Loire";"Gross consumption";1,12885431883
2021-07;"Centre-Val de Loire";"Gross consumption";1,180085441665
2021-08;"Centre-Val de Loire";"Gross consumption";1,2128743185
2021-09;"Centre-Val de Loire";"Gross consumption";1,168973944669
2021-10;"Centre-Val de Loire";"Gross consumption";1,375460449831
2021-11;"Centre-Val de Loire";"Gross consumption";1,768830572167
2021-12;"Centre-Val de Loire";"Gross consumption";1,949327571836
2022-01;"Centre-Val de Loire";"Gross consumption";2,175096828032
2022-02;"Centre-Val de Loire";"Gross consumption";1,710364700086
2022-03;"Centre-Val de Loire";"Gross consumption";1,6577457261324
2022-04;"Centre-Val de Loire";"Gross consumption";1,42014321949
2022-05;"Centre-Val de Loire";"Gross consumption";1,274479373707
2022-06;"Centre-Val de Loire";"Gross consumption";1,1897844168186
2022-07;"Centre-Val de Loire";"Gross consumption";1,251371719318
2022-08;"Centre-Val de Loire";"Gross consumption";1,172551648163
2022-09;"Centre-Val de Loire";"Gross consumption";1,168311932248
2022-10;"Centre-Val de Loire";"Gross consumption";1,223972234837
2022-11;"Centre-Val de Loire";"Gross consumption";1,46129178032
2022-12;"Centre-Val de Loire";"Gross consumption";1,884274721049
2023-01;"Centre-Val de Loire";"Gross consumption";1,895915380094
2023-02;"Centre-Val de Loire";"Gross consumption";1,708123245006
2023-03;"Centre-Val de Loire";"Gross consumption";1,666253508253
2023-04;"Centre-Val de Loire";"Gross consumption";1,416886526444
2023-05;"Centre-Val de Loire";"Gross consumption";1,222676575729
2023-06;"Centre-Val de Loire";"Gross consumption";1,175557487759
2023-07;"Centre-Val de Loire";"Gross consumption";1,204260007101
2023-08;"Centre-Val de Loire";"Gross consumption";1,116490759616
2023-09;"Centre-Val de Loire";"Gross consumption";1,163542488809
2023-10;"Centre-Val de Loire";"Gross consumption";1,311495838348
2023-11;"Centre-Val de Loire";"Gross consumption";1,675535823663
2023-12;"Centre-Val de Loire";"Gross consumption";1,817546937653
2024-01;"Centre-Val de Loire";"Gross consumption";2,053896286546
2024-02;"Centre-Val de Loire";"Gross consumption";1,65023689515
2024-03;"Centre-Val de Loire";"Gross consumption";1,6583306511602
2024-04;"Centre-Val de Loire";"Gross consumption";1,404829144586
2024-05;"Centre-Val de Loire";"Gross consumption";1,266411870255
2024-06;"Centre-Val de Loire";"Gross consumption";1,222626153164
2024-07;"Centre-Val de Loire";"Gross consumption";1,205037886732
2024-08;"Centre-Val de Loire";"Gross consumption";1,124738300994
2024-09;"Centre-Val de Loire";"Gross consumption";1,190187689665
2024-10;"Centre-Val de Loire";"Gross consumption";1,37781160302
2024-11;"Centre-Val de Loire";"Gross consumption";1,633140862425
2024-12;"Centre-Val de Loire";"Gross consumption";1,877306722155
2025-01;"Centre-Val de Loire";"Gross consumption";2,116910583943
2025-02;"Centre-Val de Loire";"Gross consumption";1,788463584408
2025-03;"Centre-Val de Loire";"Gross consumption";1,685065286809
2025-04;"Centre-Val de Loire";"Gross consumption";1,295699703403
2025-05;"Centre-Val de Loire";"Gross consumption";1,23274379768
2025-06;"Centre-Val de Loire";"Gross consumption";1,201790482449
2025-07;"Centre-Val de Loire";"Gross consumption";1,216439345554
2025-08;"Centre-Val de Loire";"Gross consumption";1,1734534058352
2025-09;"Centre-Val de Loire";"Gross consumption";1,223375224154
2025-10;"Centre-Val de Loire";"Gross consumption";1,388176018874
2025-11;"Centre-Val de Loire";"Gross consumption";1,672845034354
2025-12;"Centre-Val de Loire";"Gross consumption";1,846156048831
2026-01;"Centre-Val de Loire";"Gross consumption";2,034781338188
2026-02;"Centre-Val de Loire";"Gross consumption";1,60008314364
2026-03;"Centre-Val de Loire";"Gross consumption";1,595358955188
2026-04;"Centre-Val de Loire";"Gross consumption";1,391470874845
2026-05;"Centre-Val de Loire";"Gross consumption";1,30300730156
2026-06;"Centre-Val de Loire";"Gross consumption";1,343752855992
2026-07;"Centre-Val de Loire";"Gross consumption";1,382712653574
2014-01;"Bourgogne-Franche-Comté";"Gross consumption";2,183144671166
2014-02;"Bourgogne-Franche-Comté";"Gross consumption";1,964025127001
2014-03;"Bourgogne-Franche-Comté";"Gross consumption";1,911655800002
2014-04;"Bourgogne-Franche-Comté";"Gross consumption";1,645760127667
2014-05;"Bourgogne-Franche-Comté";"Gross consumption";1,590099664335
2014-06;"Bourgogne-Franche-Comté";"Gross consumption";1,4673008575
2014-07;"Bourgogne-Franche-Comté";"Gross consumption";1,52317156283
2014-08;"Bourgogne-Franche-Comté";"Gross consumption";1,312296068669
2014-09;"Bourgogne-Franche-Comté";"Gross consumption";1,501301691665
2014-10;"Bourgogne-Franche-Comté";"Gross consumption";1,691806776335
2014-11;"Bourgogne-Franche-Comté";"Gross consumption";1,833021540499
2014-12;"Bourgogne-Franche-Comté";"Gross consumption";2,088162295666
2015-01;"Bourgogne-Franche-Comté";"Gross consumption";2,165234474338
2015-02;"Bourgogne-Franche-Comté";"Gross consumption";2,026573503499
2015-03;"Bourgogne-Franche-Comté";"Gross consumption";1,837213705503
2015-04;"Bourgogne-Franche-Comté";"Gross consumption";1,695488343
2015-05;"Bourgogne-Franche-Comté";"Gross consumption";1,521504434667
2015-06;"Bourgogne-Franche-Comté";"Gross consumption";1,342493502997
2015-07;"Bourgogne-Franche-Comté";"Gross consumption";1,551892220334
2015-08;"Bourgogne-Franche-Comté";"Gross consumption";1,361722466162
2015-09;"Bourgogne-Franche-Comté";"Gross consumption";1,5481806145
2015-10;"Bourgogne-Franche-Comté";"Gross consumption";1,804449966002
2015-11;"Bourgogne-Franche-Comté";"Gross consumption";1,897474923998
2015-12;"Bourgogne-Franche-Comté";"Gross consumption";2,061249854669
2016-01;"Bourgogne-Franche-Comté";"Gross consumption";2,224979033335
2016-02;"Bourgogne-Franche-Comté";"Gross consumption";2,068281299169
2016-03;"Bourgogne-Franche-Comté";"Gross consumption";2,117385815502
2016-04;"Bourgogne-Franche-Comté";"Gross consumption";1,734668203667
2016-05;"Bourgogne-Franche-Comté";"Gross consumption";1,602747622164
2016-06;"Bourgogne-Franche-Comté";"Gross consumption";1,501040581163
2016-07;"Bourgogne-Franche-Comté";"Gross consumption";1,495741976833
2016-08;"Bourgogne-Franche-Comté";"Gross consumption";1,399692937333
2016-09;"Bourgogne-Franche-Comté";"Gross consumption";1,525224015164
2016-10;"Bourgogne-Franche-Comté";"Gross consumption";1,793666483834
2016-11;"Bourgogne-Franche-Comté";"Gross consumption";2,032994668171
2016-12;"Bourgogne-Franche-Comté";"Gross consumption";2,322124499658
2017-01;"Bourgogne-Franche-Comté";"Gross consumption";2,594042422497
2017-02;"Bourgogne-Franche-Comté";"Gross consumption";1,975783667664
2017-03;"Bourgogne-Franche-Comté";"Gross consumption";1,913107905335
2017-04;"Bourgogne-Franche-Comté";"Gross consumption";1,680219917833
2017-05;"Bourgogne-Franche-Comté";"Gross consumption";1,631147414665
2017-06;"Bourgogne-Franche-Comté";"Gross consumption";1,5098767345
2017-07;"Bourgogne-Franche-Comté";"Gross consumption";1,529643851998
2017-08;"Bourgogne-Franche-Comté";"Gross consumption";1,373088562001
2017-09;"Bourgogne-Franche-Comté";"Gross consumption";1,540941376334
2017-10;"Bourgogne-Franche-Comté";"Gross consumption";1,732430191003
2017-11;"Bourgogne-Franche-Comté";"Gross consumption";2,067934014335
2017-12;"Bourgogne-Franche-Comté";"Gross consumption";2,291822184837
2018-01;"Bourgogne-Franche-Comté";"Gross consumption";2,152163834333
2018-02;"Bourgogne-Franche-Comté";"Gross consumption";2,212868551498
2018-03;"Bourgogne-Franche-Comté";"Gross consumption";2,166471487667
2018-04;"Bourgogne-Franche-Comté";"Gross consumption";1,623243092832
2018-05;"Bourgogne-Franche-Comté";"Gross consumption";1,556051487832
2018-06;"Bourgogne-Franche-Comté";"Gross consumption";1,496954974998
2018-07;"Bourgogne-Franche-Comté";"Gross consumption";1,5290768415
2018-08;"Bourgogne-Franche-Comté";"Gross consumption";1,407463307669
2018-09;"Bourgogne-Franche-Comté";"Gross consumption";1,476939581001
2018-10;"Bourgogne-Franche-Comté";"Gross consumption";1,692883622502
2018-11;"Bourgogne-Franche-Comté";"Gross consumption";1,952876287507
2018-12;"Bourgogne-Franche-Comté";"Gross consumption";2,075216298668
2019-01;"Bourgogne-Franche-Comté";"Gross consumption";2,391916213828
2019-02;"Bourgogne-Franche-Comté";"Gross consumption";1,970135928001
2019-03;"Bourgogne-Franche-Comté";"Gross consumption";1,980057538004
2019-04;"Bourgogne-Franche-Comté";"Gross consumption";1,725069138835
2019-05;"Bourgogne-Franche-Comté";"Gross consumption";1,675087444165
2019-06;"Bourgogne-Franche-Comté";"Gross consumption";1,490673603499
2019-07;"Bourgogne-Franche-Comté";"Gross consumption";1,542522962664
2019-08;"Bourgogne-Franche-Comté";"Gross consumption";1,322675035499
2019-09;"Bourgogne-Franche-Comté";"Gross consumption";1,474219737999
2019-10;"Bourgogne-Franche-Comté";"Gross consumption";1,6756800385
2019-11;"Bourgogne-Franche-Comté";"Gross consumption";1,926527058665
2019-12;"Bourgogne-Franche-Comté";"Gross consumption";2,028820375333
2020-01;"Bourgogne-Franche-Comté";"Gross consumption";2,184818611499
2020-02;"Bourgogne-Franche-Comté";"Gross consumption";1,929078203998
2020-03;"Bourgogne-Franche-Comté";"Gross consumption";1,80060001783
2020-04;"Bourgogne-Franche-Comté";"Gross consumption";1,385253026666
2020-05;"Bourgogne-Franche-Comté";"Gross consumption";1,459403572664
2020-06;"Bourgogne-Franche-Comté";"Gross consumption";1,39315510233
2020-07;"Bourgogne-Franche-Comté";"Gross consumption";1,450498991668
2020-08;"Bourgogne-Franche-Comté";"Gross consumption";1,364233504166
2020-09;"Bourgogne-Franche-Comté";"Gross consumption";1,471419154169
2020-10;"Bourgogne-Franche-Comté";"Gross consumption";1,777918560503
2020-11;"Bourgogne-Franche-Comté";"Gross consumption";1,792411289
2020-12;"Bourgogne-Franche-Comté";"Gross consumption";2,08320727167
2021-01;"Bourgogne-Franche-Comté";"Gross consumption";2,327785877501
2021-02;"Bourgogne-Franche-Comté";"Gross consumption";1,926755973497
2021-03;"Bourgogne-Franche-Comté";"Gross consumption";1,937480056664
2021-04;"Bourgogne-Franche-Comté";"Gross consumption";1,711943544172
2021-05;"Bourgogne-Franche-Comté";"Gross consumption";1,639257672165
2021-06;"Bourgogne-Franche-Comté";"Gross consumption";1,473981022835
2021-07;"Bourgogne-Franche-Comté";"Gross consumption";1,483412955832
2021-08;"Bourgogne-Franche-Comté";"Gross consumption";1,360579155668
2021-09;"Bourgogne-Franche-Comté";"Gross consumption";1,493398956998
2021-10;"Bourgogne-Franche-Comté";"Gross consumption";1,713019758831
2021-11;"Bourgogne-Franche-Comté";"Gross consumption";2,019338868937
2021-12;"Bourgogne-Franche-Comté";"Gross consumption";2,216111837625
2022-01;"Bourgogne-Franche-Comté";"Gross consumption";2,321851185518
2022-02;"Bourgogne-Franche-Comté";"Gross consumption";1,942390878956
2022-03;"Bourgogne-Franche-Comté";"Gross consumption";1,881679130982
2022-04;"Bourgogne-Franche-Comté";"Gross consumption";1,62822335715
2022-05;"Bourgogne-Franche-Comté";"Gross consumption";1,425751846264
2022-06;"Bourgogne-Franche-Comté";"Gross consumption";1,397614896516
2022-07;"Bourgogne-Franche-Comté";"Gross consumption";1,420013895167
2022-08;"Bourgogne-Franche-Comté";"Gross consumption";1,303744953242
2022-09;"Bourgogne-Franche-Comté";"Gross consumption";1,432834893538
2022-10;"Bourgogne-Franche-Comté";"Gross consumption";1,494193966134
2022-11;"Bourgogne-Franche-Comté";"Gross consumption";1,681380286139
2022-12;"Bourgogne-Franche-Comté";"Gross consumption";1,985416086209
2023-01;"Bourgogne-Franche-Comté";"Gross consumption";2,047254729882
2023-02;"Bourgogne-Franche-Comté";"Gross consumption";1,852914034253
2023-03;"Bourgogne-Franche-Comté";"Gross consumption";1,840771581073
2023-04;"Bourgogne-Franche-Comté";"Gross consumption";1,614181363531
2023-05;"Bourgogne-Franche-Comté";"Gross consumption";1,427300052722
2023-06;"Bourgogne-Franche-Comté";"Gross consumption";1,355101151411
2023-07;"Bourgogne-Franche-Comté";"Gross consumption";1,411376368603
2023-08;"Bourgogne-Franche-Comté";"Gross consumption";1,300661192049
2023-09;"Bourgogne-Franche-Comté";"Gross consumption";1,377329702628
2023-10;"Bourgogne-Franche-Comté";"Gross consumption";1,525953007463
2023-11;"Bourgogne-Franche-Comté";"Gross consumption";1,807002139509
2023-12;"Bourgogne-Franche-Comté";"Gross consumption";1,993445859645
2024-01;"Bourgogne-Franche-Comté";"Gross consumption";2,211825007594
2024-02;"Bourgogne-Franche-Comté";"Gross consumption";1,787346120543
2024-03;"Bourgogne-Franche-Comté";"Gross consumption";1,737016996204
2024-04;"Bourgogne-Franche-Comté";"Gross consumption";1,591151757733
2024-05;"Bourgogne-Franche-Comté";"Gross consumption";1,417270758587
2024-06;"Bourgogne-Franche-Comté";"Gross consumption";1,370933138687
2024-07;"Bourgogne-Franche-Comté";"Gross consumption";1,409216594961
2024-08;"Bourgogne-Franche-Comté";"Gross consumption";1,287362055969
2024-09;"Bourgogne-Franche-Comté";"Gross consumption";1,385673468835
2024-10;"Bourgogne-Franche-Comté";"Gross consumption";1,528922623019
2024-11;"Bourgogne-Franche-Comté";"Gross consumption";1,768114772628
2024-12;"Bourgogne-Franche-Comté";"Gross consumption";2,064206521492
2025-01;"Bourgogne-Franche-Comté";"Gross consumption";2,178442937741
2025-02;"Bourgogne-Franche-Comté";"Gross consumption";1,877647153317
2025-03;"Bourgogne-Franche-Comté";"Gross consumption";1,75966200938
2025-04;"Bourgogne-Franche-Comté";"Gross consumption";1,454451912017
2025-05;"Bourgogne-Franche-Comté";"Gross consumption";1,370305933982
2025-06;"Bourgogne-Franche-Comté";"Gross consumption";1,367526046714
2025-07;"Bourgogne-Franche-Comté";"Gross consumption";1,430682322966
2025-08;"Bourgogne-Franche-Comté";"Gross consumption";1,26891751383
2025-09;"Bourgogne-Franche-Comté";"Gross consumption";1,427266367778
2025-10;"Bourgogne-Franche-Comté";"Gross consumption";1,643504801955
2025-11;"Bourgogne-Franche-Comté";"Gross consumption";1,790243554918
2025-12;"Bourgogne-Franche-Comté";"Gross consumption";1,968104183047
2026-01;"Bourgogne-Franche-Comté";"Gross consumption";2,188446700211
2026-02;"Bourgogne-Franche-Comté";"Gross consumption";1,740158731438
2026-03;"Bourgogne-Franche-Comté";"Gross consumption";1,75681078535
2026-04;"Bourgogne-Franche-Comté";"Gross consumption";1,512397951398
2026-05;"Bourgogne-Franche-Comté";"Gross consumption";1,446791670295
2026-06;"Bourgogne-Franche-Comté";"Gross consumption";1,435897425484
2026-07;"Bourgogne-Franche-Comté";"Gross consumption";1,461553263627
2014-01;"Normandie";"Gross consumption";2,892154194354
2014-02;"Normandie";"Gross consumption";2,621991790772
2014-03;"Normandie";"Gross consumption";2,554108818512
2014-04;"Normandie";"Gross consumption";2,191327450328
2014-05;"Normandie";"Gross consumption";2,065503793327
2014-06;"Normandie";"Gross consumption";1,880072428477
2014-07;"Normandie";"Gross consumption";1,927454285656
2014-08;"Normandie";"Gross consumption";1,837452187785
2014-09;"Normandie";"Gross consumption";1,919497939225
2014-10;"Normandie";"Gross consumption";2,181201950156
2014-11;"Normandie";"Gross consumption";2,466365310488
2014-12;"Normandie";"Gross consumption";2,957794220562
2015-01;"Normandie";"Gross consumption";3,069857745759
2015-02;"Normandie";"Gross consumption";2,846634081019
2015-03;"Normandie";"Gross consumption";2,737602703193
2015-04;"Normandie";"Gross consumption";2,209211943491
2015-05;"Normandie";"Gross consumption";2,073319880381
2015-06;"Normandie";"Gross consumption";1,913120620025
2015-07;"Normandie";"Gross consumption";1,913429609274
2015-08;"Normandie";"Gross consumption";1,780062666197
2015-09;"Normandie";"Gross consumption";1,978193930507
2015-10;"Normandie";"Gross consumption";2,305304590162
2015-11;"Normandie";"Gross consumption";2,395740032056
2015-12;"Normandie";"Gross consumption";2,563455816627
2016-01;"Normandie";"Gross consumption";2,968913434437
2016-02;"Normandie";"Gross consumption";2,764129471318
2016-03;"Normandie";"Gross consumption";2,844723695036
2016-04;"Normandie";"Gross consumption";2,439786927026
2016-05;"Normandie";"Gross consumption";2,027062341721
2016-06;"Normandie";"Gross consumption";1,918188743276
2016-07;"Normandie";"Gross consumption";1,937672314859
2016-08;"Normandie";"Gross consumption";1,860669862404
2016-09;"Normandie";"Gross consumption";1,928780041322
2016-10;"Normandie";"Gross consumption";2,296142789213
2016-11;"Normandie";"Gross consumption";2,649843994293
2016-12;"Normandie";"Gross consumption";3,008634728335
2017-01;"Normandie";"Gross consumption";3,30389688072
2017-02;"Normandie";"Gross consumption";2,624186946305
2017-03;"Normandie";"Gross consumption";2,55747829406
2017-04;"Normandie";"Gross consumption";2,224687826384
2017-05;"Normandie";"Gross consumption";2,072400587947
2017-06;"Normandie";"Gross consumption";1,886615764164
2017-07;"Normandie";"Gross consumption";1,925332930895
2017-08;"Normandie";"Gross consumption";1,823490475692
2017-09;"Normandie";"Gross consumption";1,960777590995
2017-10;"Normandie";"Gross consumption";2,183896797863
2017-11;"Normandie";"Gross consumption";2,60437776864
2017-12;"Normandie";"Gross consumption";2,968107009103
2018-01;"Normandie";"Gross consumption";2,90346506801
2018-02;"Normandie";"Gross consumption";2,946183982386
2018-03;"Normandie";"Gross consumption";2,889006147259
2018-04;"Normandie";"Gross consumption";2,193204460958
2018-05;"Normandie";"Gross consumption";1,941307823214
2018-06;"Normandie";"Gross consumption";1,835156340609
2018-07;"Normandie";"Gross consumption";1,912389293534
2018-08;"Normandie";"Gross consumption";1,805082434988
2018-09;"Normandie";"Gross consumption";1,902897351974
2018-10;"Normandie";"Gross consumption";2,232933484866
2018-11;"Normandie";"Gross consumption";2,629231722218
2018-12;"Normandie";"Gross consumption";2,799554648725
2019-01;"Normandie";"Gross consumption";3,111797256995
2019-02;"Normandie";"Gross consumption";2,6136695075
2019-03;"Normandie";"Gross consumption";2,59741984559
2019-04;"Normandie";"Gross consumption";2,267663833478
2019-05;"Normandie";"Gross consumption";2,117795595935
2019-06;"Normandie";"Gross consumption";1,868399535669
2019-07;"Normandie";"Gross consumption";1,905554819866
2019-08;"Normandie";"Gross consumption";1,770753044347
2019-09;"Normandie";"Gross consumption";1,849808599172
2019-10;"Normandie";"Gross consumption";2,174315474264
2019-11;"Normandie";"Gross consumption";2,621148654574
2019-12;"Normandie";"Gross consumption";2,844317638687
2020-01;"Normandie";"Gross consumption";2,962523202054
2020-02;"Normandie";"Gross consumption";2,633473487234
2020-03;"Normandie";"Gross consumption";2,56603626379
2020-04;"Normandie";"Gross consumption";1,848535455204
2020-05;"Normandie";"Gross consumption";1,806223988635
2020-06;"Normandie";"Gross consumption";1,757587297981
2020-07;"Normandie";"Gross consumption";1,817835546462
2020-08;"Normandie";"Gross consumption";1,736462518336
2020-09;"Normandie";"Gross consumption";1,851018020207
2020-10;"Normandie";"Gross consumption";2,255079778562
2020-11;"Normandie";"Gross consumption";2,387710490678
2020-12;"Normandie";"Gross consumption";2,807961575316
2021-01;"Normandie";"Gross consumption";3,0770913931
2021-02;"Normandie";"Gross consumption";2,644367933445
2021-03;"Normandie";"Gross consumption";2,655428475016
2021-04;"Normandie";"Gross consumption";2,280239492921
2021-05;"Normandie";"Gross consumption";2,060491300078
2021-06;"Normandie";"Gross consumption";1,875282703871
2021-07;"Normandie";"Gross consumption";1,842376206196
2021-08;"Normandie";"Gross consumption";1,747946150753
2021-09;"Normandie";"Gross consumption";1,846664072838
2021-10;"Normandie";"Gross consumption";2,136741720413
2021-11;"Normandie";"Gross consumption";2,536180205038
2021-12;"Normandie";"Gross consumption";2,788216331743
2022-01;"Normandie";"Gross consumption";3,010745441598
2022-02;"Normandie";"Gross consumption";2,657903807483
2022-03;"Normandie";"Gross consumption";2,517050944435
2022-04;"Normandie";"Gross consumption";2,237010240433
2022-05;"Normandie";"Gross consumption";1,925515019672
2022-06;"Normandie";"Gross consumption";1,802606230188
2022-07;"Normandie";"Gross consumption";1,798773769749
2022-08;"Normandie";"Gross consumption";1,766049096874
2022-09;"Normandie";"Gross consumption";1,820040277639
2022-10;"Normandie";"Gross consumption";1,781105965706
2022-11;"Normandie";"Gross consumption";2,182903186614
2022-12;"Normandie";"Gross consumption";2,847170238822
2023-01;"Normandie";"Gross consumption";2,754369416658
2023-02;"Normandie";"Gross consumption";2,418590097593
2023-03;"Normandie";"Gross consumption";2,404011149008
2023-04;"Normandie";"Gross consumption";2,058094068624
2023-05;"Normandie";"Gross consumption";1,825112554189
2023-06;"Normandie";"Gross consumption";1,71538281183
2023-07;"Normandie";"Gross consumption";1,757830372649
2023-08;"Normandie";"Gross consumption";1,753091620875
2023-09;"Normandie";"Gross consumption";1,821557471172
2023-10;"Normandie";"Gross consumption";2,058944682069
2023-11;"Normandie";"Gross consumption";2,390131139437
2023-12;"Normandie";"Gross consumption";2,649536339895
2024-01;"Normandie";"Gross consumption";2,975639707223
2024-02;"Normandie";"Gross consumption";2,406341279381
2024-03;"Normandie";"Gross consumption";2,431677303567
2024-04;"Normandie";"Gross consumption";2,079993286822
2024-05;"Normandie";"Gross consumption";1,835169637464
2024-06;"Normandie";"Gross consumption";1,776735243862
2024-07;"Normandie";"Gross consumption";1,847933301857
2024-08;"Normandie";"Gross consumption";1,746999091312
2024-09;"Normandie";"Gross consumption";1,860428522456
2024-10;"Normandie";"Gross consumption";2,090503282207
2024-11;"Normandie";"Gross consumption";2,394489808134
2024-12;"Normandie";"Gross consumption";2,688303408826
2025-01;"Normandie";"Gross consumption";2,983865222651
2025-02;"Normandie";"Gross consumption";2,581023723412
2025-03;"Normandie";"Gross consumption";2,416211037826
2025-04;"Normandie";"Gross consumption";1,908952123223
2025-05;"Normandie";"Gross consumption";1,778628416186
2025-06;"Normandie";"Gross consumption";1,69786270958
2025-07;"Normandie";"Gross consumption";1,792550594281
2025-08;"Normandie";"Gross consumption";1,70958735133
2025-09;"Normandie";"Gross consumption";1,82339027785
2025-10;"Normandie";"Gross consumption";2,11891235815
2025-11;"Normandie";"Gross consumption";2,356082733603
2025-12;"Normandie";"Gross consumption";2,698591659932
2026-01;"Normandie";"Gross consumption";2,853524687666
2026-02;"Normandie";"Gross consumption";2,34007617497
2026-03;"Normandie";"Gross consumption";2,319993590135
2026-04;"Normandie";"Gross consumption";1,999574688144
2026-05;"Normandie";"Gross consumption";1,900967703365
2026-06;"Normandie";"Gross consumption";1,795441506387
2026-07;"Normandie";"Gross consumption";1,826652216143
2014-01;"Hauts-de-France";"Gross consumption";5,132965263676
2014-02;"Hauts-de-France";"Gross consumption";4,599783925251
2014-03;"Hauts-de-France";"Gross consumption";4,522699837929
2014-04;"Hauts-de-France";"Gross consumption";3,959588920712
2014-05;"Hauts-de-France";"Gross consumption";3,895591439177
2014-06;"Hauts-de-France";"Gross consumption";3,610855149536
2014-07;"Hauts-de-France";"Gross consumption";3,687424795656
2014-08;"Hauts-de-France";"Gross consumption";3,332785317941
2014-09;"Hauts-de-France";"Gross consumption";3,714845529234
2014-10;"Hauts-de-France";"Gross consumption";4,130574918794
2014-11;"Hauts-de-France";"Gross consumption";4,458257697165
2014-12;"Hauts-de-France";"Gross consumption";5,074168927551
2015-01;"Hauts-de-France";"Gross consumption";5,352538408333
2015-02;"Hauts-de-France";"Gross consumption";4,868997932855
2015-03;"Hauts-de-France";"Gross consumption";4,831282284605
2015-04;"Hauts-de-France";"Gross consumption";4,081346911178
2015-05;"Hauts-de-France";"Gross consumption";3,799434535904
2015-06;"Hauts-de-France";"Gross consumption";3,614595432573
2015-07;"Hauts-de-France";"Gross consumption";3,577596729248
2015-08;"Hauts-de-France";"Gross consumption";3,256699097341
2015-09;"Hauts-de-France";"Gross consumption";3,741292248399
2015-10;"Hauts-de-France";"Gross consumption";4,297193092615
2015-11;"Hauts-de-France";"Gross consumption";4,433084147634
2015-12;"Hauts-de-France";"Gross consumption";4,552390359395
2016-01;"Hauts-de-France";"Gross consumption";5,157181942877
2016-02;"Hauts-de-France";"Gross consumption";4,808007214074
2016-03;"Hauts-de-France";"Gross consumption";4,85928660928
2016-04;"Hauts-de-France";"Gross consumption";4,171240952422
2016-05;"Hauts-de-France";"Gross consumption";3,771547056255
2016-06;"Hauts-de-France";"Gross consumption";3,667863919813
2016-07;"Hauts-de-France";"Gross consumption";3,565304537569
2016-08;"Hauts-de-France";"Gross consumption";3,346935425716
2016-09;"Hauts-de-France";"Gross consumption";3,620026978062
2016-10;"Hauts-de-France";"Gross consumption";4,203914672797
2016-11;"Hauts-de-France";"Gross consumption";4,718763740263
2016-12;"Hauts-de-France";"Gross consumption";5,092486237728
2017-01;"Hauts-de-France";"Gross consumption";5,635586713504
2017-02;"Hauts-de-France";"Gross consumption";4,5664481571
2017-03;"Hauts-de-France";"Gross consumption";4,51447654968
2017-04;"Hauts-de-France";"Gross consumption";3,978903980462
2017-05;"Hauts-de-France";"Gross consumption";3,841091564669
2017-06;"Hauts-de-France";"Gross consumption";3,596418626286
2017-07;"Hauts-de-France";"Gross consumption";3,569424892178
2017-08;"Hauts-de-France";"Gross consumption";3,350625537664
2017-09;"Hauts-de-France";"Gross consumption";3,742505190803
2017-10;"Hauts-de-France";"Gross consumption";4,064983555391
2017-11;"Hauts-de-France";"Gross consumption";4,689828680467
2017-12;"Hauts-de-France";"Gross consumption";5,27944791244
2018-01;"Hauts-de-France";"Gross consumption";5,451424958901
2018-02;"Hauts-de-France";"Gross consumption";5,023428672085
2018-03;"Hauts-de-France";"Gross consumption";4,936786871427
2018-04;"Hauts-de-France";"Gross consumption";3,839307096138
2018-05;"Hauts-de-France";"Gross consumption";3,679542807886
2018-06;"Hauts-de-France";"Gross consumption";3,528430236076
2018-07;"Hauts-de-France";"Gross consumption";3,605825709332
2018-08;"Hauts-de-France";"Gross consumption";3,348753624293
2018-09;"Hauts-de-France";"Gross consumption";3,634149751775
2018-10;"Hauts-de-France";"Gross consumption";4,135946327866
2018-11;"Hauts-de-France";"Gross consumption";4,70368536669
2018-12;"Hauts-de-France";"Gross consumption";4,887556907233
2019-01;"Hauts-de-France";"Gross consumption";5,349568841634
2019-02;"Hauts-de-France";"Gross consumption";4,526113791138
2019-03;"Hauts-de-France";"Gross consumption";4,589117724884
2019-04;"Hauts-de-France";"Gross consumption";4,002450828664
2019-05;"Hauts-de-France";"Gross consumption";3,856671225339
2019-06;"Hauts-de-France";"Gross consumption";3,484947688472
2019-07;"Hauts-de-France";"Gross consumption";3,585062333583
2019-08;"Hauts-de-France";"Gross consumption";3,271047446109
2019-09;"Hauts-de-France";"Gross consumption";3,522558010317
2019-10;"Hauts-de-France";"Gross consumption";4,067359958455
2019-11;"Hauts-de-France";"Gross consumption";4,566368930516
2019-12;"Hauts-de-France";"Gross consumption";4,786704478847
2020-01;"Hauts-de-France";"Gross consumption";5,028570426489
2020-02;"Hauts-de-France";"Gross consumption";4,584265952789
2020-03;"Hauts-de-France";"Gross consumption";4,407973480981
2020-04;"Hauts-de-France";"Gross consumption";3,287521653573
2020-05;"Hauts-de-France";"Gross consumption";3,369603383325
2020-06;"Hauts-de-France";"Gross consumption";3,301310131536
2020-07;"Hauts-de-France";"Gross consumption";3,47647871327
2020-08;"Hauts-de-France";"Gross consumption";3,219649996113
2020-09;"Hauts-de-France";"Gross consumption";3,528408619271
2020-10;"Hauts-de-France";"Gross consumption";4,09693255379
2020-11;"Hauts-de-France";"Gross consumption";4,222487187652
2020-12;"Hauts-de-France";"Gross consumption";4,720422653618
2021-01;"Hauts-de-France";"Gross consumption";5,191411076334
2021-02;"Hauts-de-France";"Gross consumption";4,510758404266
2021-03;"Hauts-de-France";"Gross consumption";4,593817756834
2021-04;"Hauts-de-France";"Gross consumption";4,139223760328
2021-05;"Hauts-de-France";"Gross consumption";3,850638664901
2021-06;"Hauts-de-France";"Gross consumption";3,465276157791
2021-07;"Hauts-de-France";"Gross consumption";3,500774396742
2021-08;"Hauts-de-France";"Gross consumption";3,27578452916
2021-09;"Hauts-de-France";"Gross consumption";3,563013083883
2021-10;"Hauts-de-France";"Gross consumption";4,102157657214
2021-11;"Hauts-de-France";"Gross consumption";4,57508988705
2021-12;"Hauts-de-France";"Gross consumption";4,84790147076
2022-01;"Hauts-de-France";"Gross consumption";5,003176752566
2022-02;"Hauts-de-France";"Gross consumption";4,232739266551
2022-03;"Hauts-de-France";"Gross consumption";4,379947140414
2022-04;"Hauts-de-France";"Gross consumption";3,916885246785
2022-05;"Hauts-de-France";"Gross consumption";3,657247211308
2022-06;"Hauts-de-France";"Gross consumption";3,485481416958
2022-07;"Hauts-de-France";"Gross consumption";3,523025650478
2022-08;"Hauts-de-France";"Gross consumption";3,260881078038
2022-09;"Hauts-de-France";"Gross consumption";3,466625240566
2022-10;"Hauts-de-France";"Gross consumption";3,681641038468
2022-11;"Hauts-de-France";"Gross consumption";4,007851723503
2022-12;"Hauts-de-France";"Gross consumption";4,576073285666
2023-01;"Hauts-de-France";"Gross consumption";4,535861708964
2023-02;"Hauts-de-France";"Gross consumption";4,132029332898
2023-03;"Hauts-de-France";"Gross consumption";4,28970960578
2023-04;"Hauts-de-France";"Gross consumption";3,833936473097
2023-05;"Hauts-de-France";"Gross consumption";3,460734705137
2023-06;"Hauts-de-France";"Gross consumption";3,301825886544
2023-07;"Hauts-de-France";"Gross consumption";3,378809628857
2023-08;"Hauts-de-France";"Gross consumption";3,194800737458
2023-09;"Hauts-de-France";"Gross consumption";3,441173931691
2023-10;"Hauts-de-France";"Gross consumption";3,803428729615
2023-11;"Hauts-de-France";"Gross consumption";4,307721774441
2023-12;"Hauts-de-France";"Gross consumption";4,567803562158
2024-01;"Hauts-de-France";"Gross consumption";4,918301243569
2024-02;"Hauts-de-France";"Gross consumption";4,150347666844
2024-03;"Hauts-de-France";"Gross consumption";4,132899078437
2024-04;"Hauts-de-France";"Gross consumption";3,791833770223
2024-05;"Hauts-de-France";"Gross consumption";3,468293502585
2024-06;"Hauts-de-France";"Gross consumption";3,354197338772
2024-07;"Hauts-de-France";"Gross consumption";3,373130588034
2024-08;"Hauts-de-France";"Gross consumption";3,164927118166
2024-09;"Hauts-de-France";"Gross consumption";3,423911248117
2024-10;"Hauts-de-France";"Gross consumption";3,80732211277
2024-11;"Hauts-de-France";"Gross consumption";4,195402583827
2024-12;"Hauts-de-France";"Gross consumption";4,535799659068
2025-01;"Hauts-de-France";"Gross consumption";5,02563139702
2025-02;"Hauts-de-France";"Gross consumption";4,411801767984
2025-03;"Hauts-de-France";"Gross consumption";4,265608127251
2025-04;"Hauts-de-France";"Gross consumption";3,589886390083
2025-05;"Hauts-de-France";"Gross consumption";3,438625119406
2025-06;"Hauts-de-France";"Gross consumption";3,325543270412
2025-07;"Hauts-de-France";"Gross consumption";3,385898677991
2025-08;"Hauts-de-France";"Gross consumption";3,165521349867
2025-09;"Hauts-de-France";"Gross consumption";3,478832245542
2025-10;"Hauts-de-France";"Gross consumption";3,911118183836
2025-11;"Hauts-de-France";"Gross consumption";4,21134646491
2025-12;"Hauts-de-France";"Gross consumption";4,538256690246
2026-01;"Hauts-de-France";"Gross consumption";4,960895007283
2026-02;"Hauts-de-France";"Gross consumption";4,158545255178
2026-03;"Hauts-de-France";"Gross consumption";4,178970743415
2026-04;"Hauts-de-France";"Gross consumption";3,742711754532
2026-05;"Hauts-de-France";"Gross consumption";3,637407566887
2026-06;"Hauts-de-France";"Gross consumption";3,504117512413
2026-07;"Hauts-de-France";"Gross consumption";3,52509932811
2014-01;"Grand Est";"Gross consumption";4,638104471509
2014-02;"Grand Est";"Gross consumption";4,208706916453
2014-03;"Grand Est";"Gross consumption";4,1077651062
2014-04;"Grand Est";"Gross consumption";3,543175583854
2014-05;"Grand Est";"Gross consumption";3,461430164021
2014-06;"Grand Est";"Gross consumption";3,292913301293
2014-07;"Grand Est";"Gross consumption";3,368620529377
2014-08;"Grand Est";"Gross consumption";2,971620592806
2014-09;"Grand Est";"Gross consumption";3,364227869665
2014-10;"Grand Est";"Gross consumption";3,769253703164
2014-11;"Grand Est";"Gross consumption";4,049054172193
2014-12;"Grand Est";"Gross consumption";4,547225615996
2015-01;"Grand Est";"Gross consumption";4,804371020057
2015-02;"Grand Est";"Gross consumption";4,436126079098
2015-03;"Grand Est";"Gross consumption";4,247571667734
2015-04;"Grand Est";"Gross consumption";3,621166709027
2015-05;"Grand Est";"Gross consumption";3,373429050858
2015-06;"Grand Est";"Gross consumption";3,306654504762
2015-07;"Grand Est";"Gross consumption";3,334620499882
2015-08;"Grand Est";"Gross consumption";3,015637078975
2015-09;"Grand Est";"Gross consumption";3,390642687163
2015-10;"Grand Est";"Gross consumption";3,961917882958
2015-11;"Grand Est";"Gross consumption";4,087332622545
2015-12;"Grand Est";"Gross consumption";4,192487730486
2016-01;"Grand Est";"Gross consumption";4,785588878048
2016-02;"Grand Est";"Gross consumption";4,421393359588
2016-03;"Grand Est";"Gross consumption";4,504869839323
2016-04;"Grand Est";"Gross consumption";3,82977717445
2016-05;"Grand Est";"Gross consumption";3,488384732446
2016-06;"Grand Est";"Gross consumption";3,283629018248
2016-07;"Grand Est";"Gross consumption";3,284147285295
2016-08;"Grand Est";"Gross consumption";3,055827020897
2016-09;"Grand Est";"Gross consumption";3,375289311263
2016-10;"Grand Est";"Gross consumption";3,926684600557
2016-11;"Grand Est";"Gross consumption";4,377246602736
2016-12;"Grand Est";"Gross consumption";4,794225137323
2017-01;"Grand Est";"Gross consumption";5,364768588078
2017-02;"Grand Est";"Gross consumption";4,237767652317
2017-03;"Grand Est";"Gross consumption";4,164624114197
2017-04;"Grand Est";"Gross consumption";3,628227916744
2017-05;"Grand Est";"Gross consumption";3,497660204545
2017-06;"Grand Est";"Gross consumption";3,335291434816
2017-07;"Grand Est";"Gross consumption";3,354706853331
2017-08;"Grand Est";"Gross consumption";3,035330743522
2017-09;"Grand Est";"Gross consumption";3,444291992845
2017-10;"Grand Est";"Gross consumption";3,845657576296
2017-11;"Grand Est";"Gross consumption";4,372718681668
2017-12;"Grand Est";"Gross consumption";4,695637932815
2018-01;"Grand Est";"Gross consumption";4,518126721901
2018-02;"Grand Est";"Gross consumption";4,602890192403
2018-03;"Grand Est";"Gross consumption";4,5931955578933
2018-04;"Grand Est";"Gross consumption";3,5136099890778
2018-05;"Grand Est";"Gross consumption";3,3530841681901
2018-06;"Grand Est";"Gross consumption";3,2956136628628
2018-07;"Grand Est";"Gross consumption";3,3972650594551
2018-08;"Grand Est";"Gross consumption";3,0838459934492
2018-09;"Grand Est";"Gross consumption";3,2913063558531
2018-10;"Grand Est";"Gross consumption";3,8190259813292
2018-11;"Grand Est";"Gross consumption";4,2356913524784
2018-12;"Grand Est";"Gross consumption";4,387862587688
2019-01;"Grand Est";"Gross consumption";4,9268016222421
2019-02;"Grand Est";"Gross consumption";4,1539563691329
2019-03;"Grand Est";"Gross consumption";4,1602270174017
2019-04;"Grand Est";"Gross consumption";3,6855834599857
2019-05;"Grand Est";"Gross consumption";3,5535454854944
2019-06;"Grand Est";"Gross consumption";3,2290172996266
2019-07;"Grand Est";"Gross consumption";3,3307833171146
2019-08;"Grand Est";"Gross consumption";2,9917193763044
2019-09;"Grand Est";"Gross consumption";3,218911356727
2019-10;"Grand Est";"Gross consumption";3,7489452998824
2019-11;"Grand Est";"Gross consumption";4,225591069323
2019-12;"Grand Est";"Gross consumption";4,4682995141554
2020-01;"Grand Est";"Gross consumption";4,606215781542
2020-02;"Grand Est";"Gross consumption";4,091666192982
2020-03;"Grand Est";"Gross consumption";3,811272553327
2020-04;"Grand Est";"Gross consumption";2,839905574685
2020-05;"Grand Est";"Gross consumption";2,980261276003
2020-06;"Grand Est";"Gross consumption";3,076603380056
2020-07;"Grand Est";"Gross consumption";3,221795642246
2020-08;"Grand Est";"Gross consumption";2,956365222551
2020-09;"Grand Est";"Gross consumption";3,200542777925
2020-10;"Grand Est";"Gross consumption";3,815588893015
2020-11;"Grand Est";"Gross consumption";3,969490183507
2020-12;"Grand Est";"Gross consumption";4,336215091553
2021-01;"Grand Est";"Gross consumption";4,768095985008
2021-02;"Grand Est";"Gross consumption";4,0638607206813
2021-03;"Grand Est";"Gross consumption";4,2353722565362
2021-04;"Grand Est";"Gross consumption";3,6909772914038
2021-05;"Grand Est";"Gross consumption";3,5251356432605
2021-06;"Grand Est";"Gross consumption";3,211455268273
2021-07;"Grand Est";"Gross consumption";3,21058910906
2021-08;"Grand Est";"Gross consumption";2,9579538345103
2021-09;"Grand Est";"Gross consumption";3,2394986386114
2021-10;"Grand Est";"Gross consumption";3,8051641770347
2021-11;"Grand Est";"Gross consumption";4,3047499227358
2021-12;"Grand Est";"Gross consumption";4,4583619809257
2022-01;"Grand Est";"Gross consumption";4,728209015949
2022-02;"Grand Est";"Gross consumption";4,111206029693
2022-03;"Grand Est";"Gross consumption";4,17250681163
2022-04;"Grand Est";"Gross consumption";3,647801697768
2022-05;"Grand Est";"Gross consumption";3,276706776377
2022-06;"Grand Est";"Gross consumption";3,197962554766
2022-07;"Grand Est";"Gross consumption";3,196780802892
2022-08;"Grand Est";"Gross consumption";2,976902095646
2022-09;"Grand Est";"Gross consumption";3,16441324262
2022-10;"Grand Est";"Gross consumption";3,358459897946
2022-11;"Grand Est";"Gross consumption";3,619792595707
2022-12;"Grand Est";"Gross consumption";4,166485677256
2023-01;"Grand Est";"Gross consumption";4,199470495667
2023-02;"Grand Est";"Gross consumption";3,834490223727
2023-03;"Grand Est";"Gross consumption";3,873562123005
2023-04;"Grand Est";"Gross consumption";3,389620771128
2023-05;"Grand Est";"Gross consumption";3,052589385801
2023-06;"Grand Est";"Gross consumption";2,957040292926
2023-07;"Grand Est";"Gross consumption";2,997309281703
2023-08;"Grand Est";"Gross consumption";2,813824835913
2023-09;"Grand Est";"Gross consumption";2,949568025323
2023-10;"Grand Est";"Gross consumption";3,276164645831
2023-11;"Grand Est";"Gross consumption";3,756868375614
2023-12;"Grand Est";"Gross consumption";4,013501373488
2024-01;"Grand Est";"Gross consumption";4,422409745866
2024-02;"Grand Est";"Gross consumption";3,700559468078
2024-03;"Grand Est";"Gross consumption";3,637827499411
2024-04;"Grand Est";"Gross consumption";3,371378165744
2024-05;"Grand Est";"Gross consumption";3,089075961254
2024-06;"Grand Est";"Gross consumption";3,008988235653
2024-07;"Grand Est";"Gross consumption";3,070659998005
2024-08;"Grand Est";"Gross consumption";2,840830352548
2024-09;"Grand Est";"Gross consumption";3,078368429836
2024-10;"Grand Est";"Gross consumption";3,404130194354
2024-11;"Grand Est";"Gross consumption";3,782970224522
2024-12;"Grand Est";"Gross consumption";4,193299388124
2025-01;"Grand Est";"Gross consumption";4,420211623563
2025-02;"Grand Est";"Gross consumption";3,91208223329
2025-03;"Grand Est";"Gross consumption";3,756976754587
2025-04;"Grand Est";"Gross consumption";3,205190164774
2025-05;"Grand Est";"Gross consumption";2,987881559372
2025-06;"Grand Est";"Gross consumption";3,017553231334
2025-07;"Grand Est";"Gross consumption";3,118761162876
2025-08;"Grand Est";"Gross consumption";2,883487994075
2025-09;"Grand Est";"Gross consumption";3,131885946529
2025-10;"Grand Est";"Gross consumption";3,551247167242
2025-11;"Grand Est";"Gross consumption";3,870777450612
2025-12;"Grand Est";"Gross consumption";4,136524252231
2026-01;"Grand Est";"Gross consumption";4,612211086315
2026-02;"Grand Est";"Gross consumption";3,785338649462
2026-03;"Grand Est";"Gross consumption";3,76758499933
2026-04;"Grand Est";"Gross consumption";3,265498286965
2026-05;"Grand Est";"Gross consumption";3,147638645728
2026-06;"Grand Est";"Gross consumption";3,162977740081
2026-07;"Grand Est";"Gross consumption";3,127076058965
2014-01;"Pays de la Loire";"Gross consumption";2,855587008999
2014-02;"Pays de la Loire";"Gross consumption";2,603814039167
2014-03;"Pays de la Loire";"Gross consumption";2,474497065828
2014-04;"Pays de la Loire";"Gross consumption";2,076800319668
2014-05;"Pays de la Loire";"Gross consumption";1,901465502833
2014-06;"Pays de la Loire";"Gross consumption";1,790918583331
2014-07;"Pays de la Loire";"Gross consumption";1,874925477333
2014-08;"Pays de la Loire";"Gross consumption";1,688012840001
2014-09;"Pays de la Loire";"Gross consumption";1,801881446167
2014-10;"Pays de la Loire";"Gross consumption";1,980667164664
2014-11;"Pays de la Loire";"Gross consumption";2,260803149167
2014-12;"Pays de la Loire";"Gross consumption";2,816671255168
2015-01;"Pays de la Loire";"Gross consumption";3,005484895001
2015-02;"Pays de la Loire";"Gross consumption";2,827959739002
2015-03;"Pays de la Loire";"Gross consumption";2,64569811967
2015-04;"Pays de la Loire";"Gross consumption";2,055787706002
2015-05;"Pays de la Loire";"Gross consumption";1,8551612
2015-06;"Pays de la Loire";"Gross consumption";1,791808088001
2015-07;"Pays de la Loire";"Gross consumption";1,881433957501
2015-08;"Pays de la Loire";"Gross consumption";1,725480566002
2015-09;"Pays de la Loire";"Gross consumption";1,825727623336
2015-10;"Pays de la Loire";"Gross consumption";2,161054930833
2015-11;"Pays de la Loire";"Gross consumption";2,23862228067
2015-12;"Pays de la Loire";"Gross consumption";2,534130453999
2016-01;"Pays de la Loire";"Gross consumption";2,871216474829
2016-02;"Pays de la Loire";"Gross consumption";2,671108782831
2016-03;"Pays de la Loire";"Gross consumption";2,740571158836
2016-04;"Pays de la Loire";"Gross consumption";2,331862294001
2016-05;"Pays de la Loire";"Gross consumption";1,933880860667
2016-06;"Pays de la Loire";"Gross consumption";1,792109782
2016-07;"Pays de la Loire";"Gross consumption";1,839355620667
2016-08;"Pays de la Loire";"Gross consumption";1,774873458665
2016-09;"Pays de la Loire";"Gross consumption";1,824116835502
2016-10;"Pays de la Loire";"Gross consumption";2,186991444002
2016-11;"Pays de la Loire";"Gross consumption";2,522715341669
2016-12;"Pays de la Loire";"Gross consumption";2,957736119833
2017-01;"Pays de la Loire";"Gross consumption";3,338745078163
2017-02;"Pays de la Loire";"Gross consumption";2,56576067283
2017-03;"Pays de la Loire";"Gross consumption";2,511980297998
2017-04;"Pays de la Loire";"Gross consumption";2,094965258166
2017-05;"Pays de la Loire";"Gross consumption";1,9668030325
2017-06;"Pays de la Loire";"Gross consumption";1,842895014168
2017-07;"Pays de la Loire";"Gross consumption";1,872280268001
2017-08;"Pays de la Loire";"Gross consumption";1,768283316664
2017-09;"Pays de la Loire";"Gross consumption";1,856134117998
2017-10;"Pays de la Loire";"Gross consumption";2,034750843833
2017-11;"Pays de la Loire";"Gross consumption";2,544647016498
2017-12;"Pays de la Loire";"Gross consumption";2,927599127666
2018-01;"Pays de la Loire";"Gross consumption";2,808635131169
2018-02;"Pays de la Loire";"Gross consumption";2,960595554503
2018-03;"Pays de la Loire";"Gross consumption";2,827914078831
2018-04;"Pays de la Loire";"Gross consumption";2,130540262001
2018-05;"Pays de la Loire";"Gross consumption";1,916265140331
2018-06;"Pays de la Loire";"Gross consumption";1,829059006833
2018-07;"Pays de la Loire";"Gross consumption";1,918695317331
2018-08;"Pays de la Loire";"Gross consumption";1,782497472003
2018-09;"Pays de la Loire";"Gross consumption";1,811588292669
2018-10;"Pays de la Loire";"Gross consumption";2,106748881
2018-11;"Pays de la Loire";"Gross consumption";2,566292950834
2018-12;"Pays de la Loire";"Gross consumption";2,730763489665
2019-01;"Pays de la Loire";"Gross consumption";3,099613446335
2019-02;"Pays de la Loire";"Gross consumption";2,55499911367
2019-03;"Pays de la Loire";"Gross consumption";2,533165868335
2019-04;"Pays de la Loire";"Gross consumption";2,203100811169
2019-05;"Pays de la Loire";"Gross consumption";1,976801965169
2019-06;"Pays de la Loire";"Gross consumption";1,80047890483
2019-07;"Pays de la Loire";"Gross consumption";1,933710146836
2019-08;"Pays de la Loire";"Gross consumption";1,741100749334
2019-09;"Pays de la Loire";"Gross consumption";1,807782762836
2019-10;"Pays de la Loire";"Gross consumption";2,079705972334
2019-11;"Pays de la Loire";"Gross consumption";2,606389548003
2019-12;"Pays de la Loire";"Gross consumption";2,822439298668
2020-01;"Pays de la Loire";"Gross consumption";2,904279628499
2020-02;"Pays de la Loire";"Gross consumption";2,547378785834
2020-03;"Pays de la Loire";"Gross consumption";2,471708929835
2020-04;"Pays de la Loire";"Gross consumption";1,785164309
2020-05;"Pays de la Loire";"Gross consumption";1,802252914
2020-06;"Pays de la Loire";"Gross consumption";1,760182985167
2020-07;"Pays de la Loire";"Gross consumption";1,866281629
2020-08;"Pays de la Loire";"Gross consumption";1,74346377
2020-09;"Pays de la Loire";"Gross consumption";1,825653865
2020-10;"Pays de la Loire";"Gross consumption";2,21917525
2020-11;"Pays de la Loire";"Gross consumption";2,324215832166
2020-12;"Pays de la Loire";"Gross consumption";2,758293050499
2021-01;"Pays de la Loire";"Gross consumption";3,164712920331
2021-02;"Pays de la Loire";"Gross consumption";2,616924181169
2021-03;"Pays de la Loire";"Gross consumption";2,585993333834
2021-04;"Pays de la Loire";"Gross consumption";2,1369766015
2021-05;"Pays de la Loire";"Gross consumption";1,930998983
2021-06;"Pays de la Loire";"Gross consumption";1,739938027
2021-07;"Pays de la Loire";"Gross consumption";1,812225559
2021-08;"Pays de la Loire";"Gross consumption";1,717487644
2021-09;"Pays de la Loire";"Gross consumption";1,890149411
2021-10;"Pays de la Loire";"Gross consumption";2,092927321667
2021-11;"Pays de la Loire";"Gross consumption";2,721768141333
2021-12;"Pays de la Loire";"Gross consumption";2,953152414332
2022-01;"Pays de la Loire";"Gross consumption";3,104979476734
2022-02;"Pays de la Loire";"Gross consumption";2,506413776073
2022-03;"Pays de la Loire";"Gross consumption";2,472403375624
2022-04;"Pays de la Loire";"Gross consumption";2,144481268814
2022-05;"Pays de la Loire";"Gross consumption";1,875529024085
2022-06;"Pays de la Loire";"Gross consumption";1,820948771236
2022-07;"Pays de la Loire";"Gross consumption";1,88747781915
2022-08;"Pays de la Loire";"Gross consumption";1,773057209121
2022-09;"Pays de la Loire";"Gross consumption";1,77188485377
2022-10;"Pays de la Loire";"Gross consumption";1,861441947986
2022-11;"Pays de la Loire";"Gross consumption";2,205967323236
2022-12;"Pays de la Loire";"Gross consumption";2,951740854818
2023-01;"Pays de la Loire";"Gross consumption";2,839484917975
2023-02;"Pays de la Loire";"Gross consumption";2,464696119597
2023-03;"Pays de la Loire";"Gross consumption";2,380942779709
2023-04;"Pays de la Loire";"Gross consumption";2,00195831812
2023-05;"Pays de la Loire";"Gross consumption";1,782666445106
2023-06;"Pays de la Loire";"Gross consumption";1,744639849874
2023-07;"Pays de la Loire";"Gross consumption";1,769841235044
2023-08;"Pays de la Loire";"Gross consumption";1,603790005733
2023-09;"Pays de la Loire";"Gross consumption";1,735054379782
2023-10;"Pays de la Loire";"Gross consumption";1,882890845192
2023-11;"Pays de la Loire";"Gross consumption";2,289588259535
2023-12;"Pays de la Loire";"Gross consumption";2,532020122115
2024-01;"Pays de la Loire";"Gross consumption";2,888850793921
2024-02;"Pays de la Loire";"Gross consumption";2,293404314596
2024-03;"Pays de la Loire";"Gross consumption";2,358669450981
2024-04;"Pays de la Loire";"Gross consumption";2,057991590195
2024-05;"Pays de la Loire";"Gross consumption";1,812301215192
2024-06;"Pays de la Loire";"Gross consumption";1,723158436516
2024-07;"Pays de la Loire";"Gross consumption";1,812291983651
2024-08;"Pays de la Loire";"Gross consumption";1,693350593998
2024-09;"Pays de la Loire";"Gross consumption";1,740336207867
2024-10;"Pays de la Loire";"Gross consumption";1,949495986272
2024-11;"Pays de la Loire";"Gross consumption";2,328342196055
2024-12;"Pays de la Loire";"Gross consumption";2,664539398817
2025-01;"Pays de la Loire";"Gross consumption";3,045388141236
2025-02;"Pays de la Loire";"Gross consumption";2,566600283143
2025-03;"Pays de la Loire";"Gross consumption";2,414399636372
2025-04;"Pays de la Loire";"Gross consumption";1,918684047087
2025-05;"Pays de la Loire";"Gross consumption";1,737059703783
2025-06;"Pays de la Loire";"Gross consumption";1,751073268957
2025-07;"Pays de la Loire";"Gross consumption";1,826396249076
2025-08;"Pays de la Loire";"Gross consumption";1,681347240348
2025-09;"Pays de la Loire";"Gross consumption";1,741407951559
2025-10;"Pays de la Loire";"Gross consumption";1,942360582471
2025-11;"Pays de la Loire";"Gross consumption";2,24072098016
2025-12;"Pays de la Loire";"Gross consumption";2,652186256811
2026-01;"Pays de la Loire";"Gross consumption";2,956261582104
2026-02;"Pays de la Loire";"Gross consumption";2,314411002581
2026-03;"Pays de la Loire";"Gross consumption";2,28919954368
2026-04;"Pays de la Loire";"Gross consumption";1,91233799482
2026-05;"Pays de la Loire";"Gross consumption";1,784775098433
2026-06;"Pays de la Loire";"Gross consumption";1,787216870612
2026-07;"Pays de la Loire";"Gross consumption";1,877450147512
2014-01;"Bretagne";"Gross consumption";2,382200964166
2014-02;"Bretagne";"Gross consumption";2,153652183501
2014-03;"Bretagne";"Gross consumption";2,075754192335
2014-04;"Bretagne";"Gross consumption";1,741070299
2014-05;"Bretagne";"Gross consumption";1,563823462
2014-06;"Bretagne";"Gross consumption";1,425589422
2014-07;"Bretagne";"Gross consumption";1,498281422
2014-08;"Bretagne";"Gross consumption";1,408561763
2014-09;"Bretagne";"Gross consumption";1,473232085
2014-10;"Bretagne";"Gross consumption";1,640036518
2014-11;"Bretagne";"Gross consumption";1,892591845164
2014-12;"Bretagne";"Gross consumption";2,30990663733
2015-01;"Bretagne";"Gross consumption";2,453112498168
2015-02;"Bretagne";"Gross consumption";2,335081424
2015-03;"Bretagne";"Gross consumption";2,215240485335
2015-04;"Bretagne";"Gross consumption";1,7087691285
2015-05;"Bretagne";"Gross consumption";1,583542384
2015-06;"Bretagne";"Gross consumption";1,469482732
2015-07;"Bretagne";"Gross consumption";1,507200457
2015-08;"Bretagne";"Gross consumption";1,456312981
2015-09;"Bretagne";"Gross consumption";1,496727967
2015-10;"Bretagne";"Gross consumption";1,751879201333
2015-11;"Bretagne";"Gross consumption";1,839220296829
2015-12;"Bretagne";"Gross consumption";2,034512263835
2016-01;"Bretagne";"Gross consumption";2,382827835499
2016-02;"Bretagne";"Gross consumption";2,228453634997
2016-03;"Bretagne";"Gross consumption";2,289867956664
2016-04;"Bretagne";"Gross consumption";1,915037657
2016-05;"Bretagne";"Gross consumption";1,56016475
2016-06;"Bretagne";"Gross consumption";1,456607994
2016-07;"Bretagne";"Gross consumption";1,459367876
2016-08;"Bretagne";"Gross consumption";1,444554049
2016-09;"Bretagne";"Gross consumption";1,463300566
2016-10;"Bretagne";"Gross consumption";1,762175194834
2016-11;"Bretagne";"Gross consumption";2,092283767499
2016-12;"Bretagne";"Gross consumption";2,381739208166
2017-01;"Bretagne";"Gross consumption";2,7171432475
2017-02;"Bretagne";"Gross consumption";2,141757610504
2017-03;"Bretagne";"Gross consumption";2,045707223167
2017-04;"Bretagne";"Gross consumption";1,681454031333
2017-05;"Bretagne";"Gross consumption";1,555286184
2017-06;"Bretagne";"Gross consumption";1,433231206998
2017-07;"Bretagne";"Gross consumption";1,476829998336
2017-08;"Bretagne";"Gross consumption";1,455997964333
2017-09;"Bretagne";"Gross consumption";1,527490853666
2017-10;"Bretagne";"Gross consumption";1,685536563001
2017-11;"Bretagne";"Gross consumption";2,100320450166
2017-12;"Bretagne";"Gross consumption";2,426347049334
2018-01;"Bretagne";"Gross consumption";2,367716526002
2018-02;"Bretagne";"Gross consumption";2,413401128166
2018-03;"Bretagne";"Gross consumption";2,401348219004
2018-04;"Bretagne";"Gross consumption";1,755313110665
2018-05;"Bretagne";"Gross consumption";1,530812015001
2018-06;"Bretagne";"Gross consumption";1,443488137
2018-07;"Bretagne";"Gross consumption";1,489162087334
2018-08;"Bretagne";"Gross consumption";1,465749407002
2018-09;"Bretagne";"Gross consumption";1,456713739496
2018-10;"Bretagne";"Gross consumption";1,743026759999
2018-11;"Bretagne";"Gross consumption";2,13517247717
2018-12;"Bretagne";"Gross consumption";2,277607227002
2019-01;"Bretagne";"Gross consumption";2,548107205169
2019-02;"Bretagne";"Gross consumption";2,1165246745
2019-03;"Bretagne";"Gross consumption";2,102489295332
2019-04;"Bretagne";"Gross consumption";1,8501308895
2019-05;"Bretagne";"Gross consumption";1,632026534668
2019-06;"Bretagne";"Gross consumption";1,480811858172
2019-07;"Bretagne";"Gross consumption";1,524840080997
2019-08;"Bretagne";"Gross consumption";1,466429000666
2019-09;"Bretagne";"Gross consumption";1,476489941667
2019-10;"Bretagne";"Gross consumption";1,776141276831
2019-11;"Bretagne";"Gross consumption";2,197159922668
2019-12;"Bretagne";"Gross consumption";2,397986255665
2020-01;"Bretagne";"Gross consumption";2,447441608167
2020-02;"Bretagne";"Gross consumption";2,167224852835
2020-03;"Bretagne";"Gross consumption";2,120565593833
2020-04;"Bretagne";"Gross consumption";1,516285966335
2020-05;"Bretagne";"Gross consumption";1,436842389335
2020-06;"Bretagne";"Gross consumption";1,450030844668
2020-07;"Bretagne";"Gross consumption";1,516868687334
2020-08;"Bretagne";"Gross consumption";1,473728663999
2020-09;"Bretagne";"Gross consumption";1,527706013999
2020-10;"Bretagne";"Gross consumption";1,885107478663
2020-11;"Bretagne";"Gross consumption";1,949221476666
2020-12;"Bretagne";"Gross consumption";2,40337718
2021-01;"Bretagne";"Gross consumption";2,651468332667
2021-02;"Bretagne";"Gross consumption";2,265117395999
2021-03;"Bretagne";"Gross consumption";2,222224932166
2021-04;"Bretagne";"Gross consumption";1,852765605832
2021-05;"Bretagne";"Gross consumption";1,714851652498
2021-06;"Bretagne";"Gross consumption";1,511394614166
2021-07;"Bretagne";"Gross consumption";1,547267273331
2021-08;"Bretagne";"Gross consumption";1,493409785334
2021-09;"Bretagne";"Gross consumption";1,412842153
2021-10;"Bretagne";"Gross consumption";1,632430652167
2021-11;"Bretagne";"Gross consumption";2,089603070166
2021-12;"Bretagne";"Gross consumption";2,360479994
2022-01;"Bretagne";"Gross consumption";2,475420361968
2022-02;"Bretagne";"Gross consumption";2,111080833694
2022-03;"Bretagne";"Gross consumption";2,056480152594
2022-04;"Bretagne";"Gross consumption";1,736199927017
2022-05;"Bretagne";"Gross consumption";1,489446094016
2022-06;"Bretagne";"Gross consumption";1,424255617948
2022-07;"Bretagne";"Gross consumption";1,465149946297
2022-08;"Bretagne";"Gross consumption";1,453510349214
2022-09;"Bretagne";"Gross consumption";1,479113132948
2022-10;"Bretagne";"Gross consumption";1,503354045824
2022-11;"Bretagne";"Gross consumption";1,738229405586
2022-12;"Bretagne";"Gross consumption";2,383967274941
2023-01;"Bretagne";"Gross consumption";2,415845863835
2023-02;"Bretagne";"Gross consumption";2,087334621369
2023-03;"Bretagne";"Gross consumption";2,097698704185
2023-04;"Bretagne";"Gross consumption";1,724672721027
2023-05;"Bretagne";"Gross consumption";1,498221100705
2023-06;"Bretagne";"Gross consumption";1,436089081499
2023-07;"Bretagne";"Gross consumption";1,473990086589
2023-08;"Bretagne";"Gross consumption";1,468129845948
2023-09;"Bretagne";"Gross consumption";1,466463826075
2023-10;"Bretagne";"Gross consumption";1,612307281611
2023-11;"Bretagne";"Gross consumption";1,92840313104
2023-12;"Bretagne";"Gross consumption";2,200388358891
2024-01;"Bretagne";"Gross consumption";2,517400237292
2024-02;"Bretagne";"Gross consumption";2,002865365942
2024-03;"Bretagne";"Gross consumption";2,028686890674
2024-04;"Bretagne";"Gross consumption";1,769164624663
2024-05;"Bretagne";"Gross consumption";1,537859578754
2024-06;"Bretagne";"Gross consumption";1,426087575847
2024-07;"Bretagne";"Gross consumption";1,500306843781
2024-08;"Bretagne";"Gross consumption";1,450233116128
2024-09;"Bretagne";"Gross consumption";1,490635878742
2024-10;"Bretagne";"Gross consumption";1,713503492734
2024-11;"Bretagne";"Gross consumption";1,963047561419
2024-12;"Bretagne";"Gross consumption";2,273232419592
2025-01;"Bretagne";"Gross consumption";2,59508670587
2025-02;"Bretagne";"Gross consumption";2,175100050702
2025-03;"Bretagne";"Gross consumption";2,053709409885
2025-04;"Bretagne";"Gross consumption";1,627636352529
2025-05;"Bretagne";"Gross consumption";1,494203500341
2025-06;"Bretagne";"Gross consumption";1,450533885923
2025-07;"Bretagne";"Gross consumption";1,502504223469
2025-08;"Bretagne";"Gross consumption";1,44617459475
2025-09;"Bretagne";"Gross consumption";1,498232722464
2025-10;"Bretagne";"Gross consumption";1,712803253993
2025-11;"Bretagne";"Gross consumption";1,933547872448
2025-12;"Bretagne";"Gross consumption";2,365466680633
2026-01;"Bretagne";"Gross consumption";2,514310967999
2026-02;"Bretagne";"Gross consumption";2,000310496008
2026-03;"Bretagne";"Gross consumption";1,971044395306
2026-04;"Bretagne";"Gross consumption";1,614520248975
2026-05;"Bretagne";"Gross consumption";1,543504790957
2026-06;"Bretagne";"Gross consumption";1,482733595602
2026-07;"Bretagne";"Gross consumption";1,525845298381
2014-01;"Nouvelle-Aquitaine";"Gross consumption";4,433027713643
2014-02;"Nouvelle-Aquitaine";"Gross consumption";4,092360216958
2014-03;"Nouvelle-Aquitaine";"Gross consumption";3,914700743988
2014-04;"Nouvelle-Aquitaine";"Gross consumption";3,187309882949
2014-05;"Nouvelle-Aquitaine";"Gross consumption";3,062806185476
2014-06;"Nouvelle-Aquitaine";"Gross consumption";2,893065829778
2014-07;"Nouvelle-Aquitaine";"Gross consumption";3,088761441615
2014-08;"Nouvelle-Aquitaine";"Gross consumption";2,846355301501
2014-09;"Nouvelle-Aquitaine";"Gross consumption";2,931305090652
2014-10;"Nouvelle-Aquitaine";"Gross consumption";3,13036815779
2014-11;"Nouvelle-Aquitaine";"Gross consumption";3,53155624642
2014-12;"Nouvelle-Aquitaine";"Gross consumption";4,544022296156
2015-01;"Nouvelle-Aquitaine";"Gross consumption";4,910200111422
2015-02;"Nouvelle-Aquitaine";"Gross consumption";4,5252459458
2015-03;"Nouvelle-Aquitaine";"Gross consumption";4,14594198993
2015-04;"Nouvelle-Aquitaine";"Gross consumption";3,25205106888
2015-05;"Nouvelle-Aquitaine";"Gross consumption";2,937880809291
2015-06;"Nouvelle-Aquitaine";"Gross consumption";2,962303883359
2015-07;"Nouvelle-Aquitaine";"Gross consumption";3,273056686254
2015-08;"Nouvelle-Aquitaine";"Gross consumption";2,94292996754
2015-09;"Nouvelle-Aquitaine";"Gross consumption";2,957498340043
2015-10;"Nouvelle-Aquitaine";"Gross consumption";3,476925515891
2015-11;"Nouvelle-Aquitaine";"Gross consumption";3,646352061039
2015-12;"Nouvelle-Aquitaine";"Gross consumption";4,138621437965
2016-01;"Nouvelle-Aquitaine";"Gross consumption";4,514107301004
2016-02;"Nouvelle-Aquitaine";"Gross consumption";4,251250679637
2016-03;"Nouvelle-Aquitaine";"Gross consumption";4,309559657046
2016-04;"Nouvelle-Aquitaine";"Gross consumption";3,589214442607
2016-05;"Nouvelle-Aquitaine";"Gross consumption";3,099888869927
2016-06;"Nouvelle-Aquitaine";"Gross consumption";2,930717480659
2016-07;"Nouvelle-Aquitaine";"Gross consumption";3,194060683262
2016-08;"Nouvelle-Aquitaine";"Gross consumption";3,122270178466
2016-09;"Nouvelle-Aquitaine";"Gross consumption";2,987346224403
2016-10;"Nouvelle-Aquitaine";"Gross consumption";3,409500802726
2016-11;"Nouvelle-Aquitaine";"Gross consumption";3,990979108556
2016-12;"Nouvelle-Aquitaine";"Gross consumption";4,628070427714
2017-01;"Nouvelle-Aquitaine";"Gross consumption";5,369907668547
2017-02;"Nouvelle-Aquitaine";"Gross consumption";3,978555411335
2017-03;"Nouvelle-Aquitaine";"Gross consumption";3,895034067084
2017-04;"Nouvelle-Aquitaine";"Gross consumption";3,293779309521
2017-05;"Nouvelle-Aquitaine";"Gross consumption";3,104652333338
2017-06;"Nouvelle-Aquitaine";"Gross consumption";2,995128748205
2017-07;"Nouvelle-Aquitaine";"Gross consumption";3,123668871256
2017-08;"Nouvelle-Aquitaine";"Gross consumption";3,061002153532
2017-09;"Nouvelle-Aquitaine";"Gross consumption";3,001009702993
2017-10;"Nouvelle-Aquitaine";"Gross consumption";3,228634637122
2017-11;"Nouvelle-Aquitaine";"Gross consumption";4,172457216196
2017-12;"Nouvelle-Aquitaine";"Gross consumption";4,842894381613
2018-01;"Nouvelle-Aquitaine";"Gross consumption";4,506627318685
2018-02;"Nouvelle-Aquitaine";"Gross consumption";4,731133050962
2018-03;"Nouvelle-Aquitaine";"Gross consumption";4,391766352814
2018-04;"Nouvelle-Aquitaine";"Gross consumption";3,280045737349
2018-05;"Nouvelle-Aquitaine";"Gross consumption";3,0959691052
2018-06;"Nouvelle-Aquitaine";"Gross consumption";2,913338520193
2018-07;"Nouvelle-Aquitaine";"Gross consumption";3,226190861787
2018-08;"Nouvelle-Aquitaine";"Gross consumption";3,131642650423
2018-09;"Nouvelle-Aquitaine";"Gross consumption";2,947566380719
2018-10;"Nouvelle-Aquitaine";"Gross consumption";3,305651688942
2018-11;"Nouvelle-Aquitaine";"Gross consumption";4,017941418937
2018-12;"Nouvelle-Aquitaine";"Gross consumption";4,295208944557
2019-01;"Nouvelle-Aquitaine";"Gross consumption";5,137527470008
2019-02;"Nouvelle-Aquitaine";"Gross consumption";4,029599540619
2019-03;"Nouvelle-Aquitaine";"Gross consumption";3,878483519085
2019-04;"Nouvelle-Aquitaine";"Gross consumption";3,420611215327
2019-05;"Nouvelle-Aquitaine";"Gross consumption";3,20608269433
2019-06;"Nouvelle-Aquitaine";"Gross consumption";2,956809780113
2019-07;"Nouvelle-Aquitaine";"Gross consumption";3,235069475856
2019-08;"Nouvelle-Aquitaine";"Gross consumption";3,019890558166
2019-09;"Nouvelle-Aquitaine";"Gross consumption";2,889076667324
2019-10;"Nouvelle-Aquitaine";"Gross consumption";3,194167472592
2019-11;"Nouvelle-Aquitaine";"Gross consumption";4,128510031969
2019-12;"Nouvelle-Aquitaine";"Gross consumption";4,362949468708
2020-01;"Nouvelle-Aquitaine";"Gross consumption";4,604189428249
2020-02;"Nouvelle-Aquitaine";"Gross consumption";3,947301736993
2020-03;"Nouvelle-Aquitaine";"Gross consumption";3,866822605057
2020-04;"Nouvelle-Aquitaine";"Gross consumption";2,834232574142
2020-05;"Nouvelle-Aquitaine";"Gross consumption";2,819678186163
2020-06;"Nouvelle-Aquitaine";"Gross consumption";2,833460846079
2020-07;"Nouvelle-Aquitaine";"Gross consumption";3,176598063849
2020-08;"Nouvelle-Aquitaine";"Gross consumption";3,058802630207
2020-09;"Nouvelle-Aquitaine";"Gross consumption";2,984182146212
2020-10;"Nouvelle-Aquitaine";"Gross consumption";3,551642304571
2020-11;"Nouvelle-Aquitaine";"Gross consumption";3,655177332409
2020-12;"Nouvelle-Aquitaine";"Gross consumption";4,559882498721
2021-01;"Nouvelle-Aquitaine";"Gross consumption";5,208006295768
2021-02;"Nouvelle-Aquitaine";"Gross consumption";3,929103176584
2021-03;"Nouvelle-Aquitaine";"Gross consumption";4,032946756551
2021-04;"Nouvelle-Aquitaine";"Gross consumption";3,357053937625
2021-05;"Nouvelle-Aquitaine";"Gross consumption";3,187691053842
2021-06;"Nouvelle-Aquitaine";"Gross consumption";2,854055887624
2021-07;"Nouvelle-Aquitaine";"Gross consumption";3,093548661163
2021-08;"Nouvelle-Aquitaine";"Gross consumption";3,042102311807
2021-09;"Nouvelle-Aquitaine";"Gross consumption";2,992892304239
2021-10;"Nouvelle-Aquitaine";"Gross consumption";3,31380112589
2021-11;"Nouvelle-Aquitaine";"Gross consumption";4,207631056664
2021-12;"Nouvelle-Aquitaine";"Gross consumption";4,669378573223
2022-01;"Nouvelle-Aquitaine";"Gross consumption";5,065937376117
2022-02;"Nouvelle-Aquitaine";"Gross consumption";3,964730948043
2022-03;"Nouvelle-Aquitaine";"Gross consumption";3,883711368538
2022-04;"Nouvelle-Aquitaine";"Gross consumption";3,430181314314
2022-05;"Nouvelle-Aquitaine";"Gross consumption";2,983483125519
2022-06;"Nouvelle-Aquitaine";"Gross consumption";2,942583558718
2022-07;"Nouvelle-Aquitaine";"Gross consumption";3,174337567948
2022-08;"Nouvelle-Aquitaine";"Gross consumption";3,016877587564
2022-09;"Nouvelle-Aquitaine";"Gross consumption";2,826919135419
2022-10;"Nouvelle-Aquitaine";"Gross consumption";2,804815571912
2022-11;"Nouvelle-Aquitaine";"Gross consumption";3,275600839232
2022-12;"Nouvelle-Aquitaine";"Gross consumption";4,188793573769
2023-01;"Nouvelle-Aquitaine";"Gross consumption";4,297465636635
2023-02;"Nouvelle-Aquitaine";"Gross consumption";4,08657823464
2023-03;"Nouvelle-Aquitaine";"Gross consumption";3,820529914325
2023-04;"Nouvelle-Aquitaine";"Gross consumption";3,148045322107
2023-05;"Nouvelle-Aquitaine";"Gross consumption";2,862573802166
2023-06;"Nouvelle-Aquitaine";"Gross consumption";2,813332715439
2023-07;"Nouvelle-Aquitaine";"Gross consumption";3,00314051861
2023-08;"Nouvelle-Aquitaine";"Gross consumption";3,129542293012
2023-09;"Nouvelle-Aquitaine";"Gross consumption";2,897541116552
2023-10;"Nouvelle-Aquitaine";"Gross consumption";2,994628713332
2023-11;"Nouvelle-Aquitaine";"Gross consumption";3,63242218647
2023-12;"Nouvelle-Aquitaine";"Gross consumption";4,272480632879
2024-01;"Nouvelle-Aquitaine";"Gross consumption";4,549552548522
2024-02;"Nouvelle-Aquitaine";"Gross consumption";3,779396260629
2024-03;"Nouvelle-Aquitaine";"Gross consumption";3,690193830524
2024-04;"Nouvelle-Aquitaine";"Gross consumption";3,134760395965
2024-05;"Nouvelle-Aquitaine";"Gross consumption";2,971421319439
2024-06;"Nouvelle-Aquitaine";"Gross consumption";2,72110442729
2024-07;"Nouvelle-Aquitaine";"Gross consumption";3,092620281757
2024-08;"Nouvelle-Aquitaine";"Gross consumption";3,055798697049
2024-09;"Nouvelle-Aquitaine";"Gross consumption";2,847545147751
2024-10;"Nouvelle-Aquitaine";"Gross consumption";3,073512345897
2024-11;"Nouvelle-Aquitaine";"Gross consumption";3,531006020726
2024-12;"Nouvelle-Aquitaine";"Gross consumption";4,34926423717
2025-01;"Nouvelle-Aquitaine";"Gross consumption";4,705405995021
2025-02;"Nouvelle-Aquitaine";"Gross consumption";3,809099231677
2025-03;"Nouvelle-Aquitaine";"Gross consumption";3,745311786074
2025-04;"Nouvelle-Aquitaine";"Gross consumption";3,078064569247
2025-05;"Nouvelle-Aquitaine";"Gross consumption";2,785500441845
2025-06;"Nouvelle-Aquitaine";"Gross consumption";2,941286259397
2025-07;"Nouvelle-Aquitaine";"Gross consumption";3,182658229893
2025-08;"Nouvelle-Aquitaine";"Gross consumption";3,072229647498
2025-09;"Nouvelle-Aquitaine";"Gross consumption";2,87170902134
2025-10;"Nouvelle-Aquitaine";"Gross consumption";3,128308692983
2025-11;"Nouvelle-Aquitaine";"Gross consumption";3,708893998961
2025-12;"Nouvelle-Aquitaine";"Gross consumption";4,296079884683
2026-01;"Nouvelle-Aquitaine";"Gross consumption";4,821638077917
2026-02;"Nouvelle-Aquitaine";"Gross consumption";3,65707857257
2026-03;"Nouvelle-Aquitaine";"Gross consumption";3,646576518741
2026-04;"Nouvelle-Aquitaine";"Gross consumption";3,012963656726
2026-05;"Nouvelle-Aquitaine";"Gross consumption";2,969280001972
2026-06;"Nouvelle-Aquitaine";"Gross consumption";3,086437681274
2026-07;"Nouvelle-Aquitaine";"Gross consumption";3,349990741865
2014-01;"Occitanie";"Gross consumption";3,904855093119
2014-02;"Occitanie";"Gross consumption";3,525697785056
2014-03;"Occitanie";"Gross consumption";3,358993200346
2014-04;"Occitanie";"Gross consumption";2,690922281355
2014-05;"Occitanie";"Gross consumption";2,533606808026
2014-06;"Occitanie";"Gross consumption";2,48300495224
2014-07;"Occitanie";"Gross consumption";2,608543637935
2014-08;"Occitanie";"Gross consumption";2,540167834715
2014-09;"Occitanie";"Gross consumption";2,574649998795
2014-10;"Occitanie";"Gross consumption";2,564317326825
2014-11;"Occitanie";"Gross consumption";2,980669183934
2014-12;"Occitanie";"Gross consumption";4,000354719773
2015-01;"Occitanie";"Gross consumption";4,310947613538
2015-02;"Occitanie";"Gross consumption";4,031746251885
2015-03;"Occitanie";"Gross consumption";3,517196103572
2015-04;"Occitanie";"Gross consumption";2,720396906734
2015-05;"Occitanie";"Gross consumption";2,481807979548
2015-06;"Occitanie";"Gross consumption";2,525868088291
2015-07;"Occitanie";"Gross consumption";2,890251313331
2015-08;"Occitanie";"Gross consumption";2,566290330538
2015-09;"Occitanie";"Gross consumption";2,448439650136
2015-10;"Occitanie";"Gross consumption";2,848827327548
2015-11;"Occitanie";"Gross consumption";3,147116178525
2015-12;"Occitanie";"Gross consumption";3,611062432486
2016-01;"Occitanie";"Gross consumption";3,956605243723
2016-02;"Occitanie";"Gross consumption";3,639139441819
2016-03;"Occitanie";"Gross consumption";3,691368441576
2016-04;"Occitanie";"Gross consumption";2,924452025164
2016-05;"Occitanie";"Gross consumption";2,635203797163
2016-06;"Occitanie";"Gross consumption";2,501008697187
2016-07;"Occitanie";"Gross consumption";2,778113278872
2016-08;"Occitanie";"Gross consumption";2,769280943257
2016-09;"Occitanie";"Gross consumption";2,64711744267
2016-10;"Occitanie";"Gross consumption";2,845521979278
2016-11;"Occitanie";"Gross consumption";3,351272711337
2016-12;"Occitanie";"Gross consumption";3,993321595636
2017-01;"Occitanie";"Gross consumption";4,785298255508
2017-02;"Occitanie";"Gross consumption";3,445447424007
2017-03;"Occitanie";"Gross consumption";3,276436552209
2017-04;"Occitanie";"Gross consumption";2,722100501337
2017-05;"Occitanie";"Gross consumption";2,652153308874
2017-06;"Occitanie";"Gross consumption";2,676278963551
2017-07;"Occitanie";"Gross consumption";2,760153727994
2017-08;"Occitanie";"Gross consumption";2,786685743314
2017-09;"Occitanie";"Gross consumption";2,580563192261
2017-10;"Occitanie";"Gross consumption";2,705181234402
2017-11;"Occitanie";"Gross consumption";3,617682646149
2017-12;"Occitanie";"Gross consumption";4,469185224914
2018-01;"Occitanie";"Gross consumption";3,966678101593
2018-02;"Occitanie";"Gross consumption";4,174463019046
2018-03;"Occitanie";"Gross consumption";3,874589146773
2018-04;"Occitanie";"Gross consumption";2,882416778927
2018-05;"Occitanie";"Gross consumption";2,714496608691
2018-06;"Occitanie";"Gross consumption";2,547355518897
2018-07;"Occitanie";"Gross consumption";2,919783669036
2018-08;"Occitanie";"Gross consumption";2,866652373729
2018-09;"Occitanie";"Gross consumption";2,62088851919
2018-10;"Occitanie";"Gross consumption";2,832960473533
2018-11;"Occitanie";"Gross consumption";3,417594120218
2018-12;"Occitanie";"Gross consumption";3,870288640973
2019-01;"Occitanie";"Gross consumption";4,683847679596
2019-02;"Occitanie";"Gross consumption";3,624218001598
2019-03;"Occitanie";"Gross consumption";3,3395143508
2019-04;"Occitanie";"Gross consumption";3,062834091892
2019-05;"Occitanie";"Gross consumption";2,71440982578
2019-06;"Occitanie";"Gross consumption";2,560786078914
2019-07;"Occitanie";"Gross consumption";3,009450103304
2019-08;"Occitanie";"Gross consumption";2,77114755174
2019-09;"Occitanie";"Gross consumption";2,604643858788
2019-10;"Occitanie";"Gross consumption";2,688399727663
2019-11;"Occitanie";"Gross consumption";3,517237655282
2019-12;"Occitanie";"Gross consumption";3,722413969786
2020-01;"Occitanie";"Gross consumption";4,125438231552
2020-02;"Occitanie";"Gross consumption";3,373462494653
2020-03;"Occitanie";"Gross consumption";3,296453091876
2020-04;"Occitanie";"Gross consumption";2,525871986232
2020-05;"Occitanie";"Gross consumption";2,388638332686
2020-06;"Occitanie";"Gross consumption";2,466403259527
2020-07;"Occitanie";"Gross consumption";2,87597788218
2020-08;"Occitanie";"Gross consumption";2,808586564139
2020-09;"Occitanie";"Gross consumption";2,624885662351
2020-10;"Occitanie";"Gross consumption";3,019382606951
2020-11;"Occitanie";"Gross consumption";3,123329658503
2020-12;"Occitanie";"Gross consumption";4,152983531263
2021-01;"Occitanie";"Gross consumption";4,61779107346
2021-02;"Occitanie";"Gross consumption";3,319194823871
2021-03;"Occitanie";"Gross consumption";3,44016877699
2021-04;"Occitanie";"Gross consumption";2,925630678923
2021-05;"Occitanie";"Gross consumption";2,638786947855
2021-06;"Occitanie";"Gross consumption";2,580362779414
2021-07;"Occitanie";"Gross consumption";2,776979447878
2021-08;"Occitanie";"Gross consumption";2,741662362839
2021-09;"Occitanie";"Gross consumption";2,568872724833
2021-10;"Occitanie";"Gross consumption";2,757748301229
2021-11;"Occitanie";"Gross consumption";3,613386180358
2021-12;"Occitanie";"Gross consumption";4,188754767666
2022-01;"Occitanie";"Gross consumption";4,542073227351
2022-02;"Occitanie";"Gross consumption";3,491363549504
2022-03;"Occitanie";"Gross consumption";3,57383905285
2022-04;"Occitanie";"Gross consumption";3,038288581924
2022-05;"Occitanie";"Gross consumption";2,578909966892
2022-06;"Occitanie";"Gross consumption";2,689039308948
2022-07;"Occitanie";"Gross consumption";3,00959139141
2022-08;"Occitanie";"Gross consumption";2,935069133205
2022-09;"Occitanie";"Gross consumption";2,560353705512
2022-10;"Occitanie";"Gross consumption";2,44995806486
2022-11;"Occitanie";"Gross consumption";2,896465003195
2022-12;"Occitanie";"Gross consumption";3,643440616394
2023-01;"Occitanie";"Gross consumption";4,092790604578
2023-02;"Occitanie";"Gross consumption";3,511466781749
2023-03;"Occitanie";"Gross consumption";3,163782392294
2023-04;"Occitanie";"Gross consumption";2,681914853465
2023-05;"Occitanie";"Gross consumption";2,472726631226
2023-06;"Occitanie";"Gross consumption";2,500428624809
2023-07;"Occitanie";"Gross consumption";2,882961956244
2023-08;"Occitanie";"Gross consumption";2,812087905705
2023-09;"Occitanie";"Gross consumption";2,561322939847
2023-10;"Occitanie";"Gross consumption";2,53201680913
2023-11;"Occitanie";"Gross consumption";3,119115604386
2023-12;"Occitanie";"Gross consumption";3,725534271739
2024-01;"Occitanie";"Gross consumption";3,925949813512
2024-02;"Occitanie";"Gross consumption";3,22396252224
2024-03;"Occitanie";"Gross consumption";3,11243802377
2024-04;"Occitanie";"Gross consumption";2,737112541659
2024-05;"Occitanie";"Gross consumption";2,615101101111
2024-06;"Occitanie";"Gross consumption";2,495556636427
2024-07;"Occitanie";"Gross consumption";2,871846558103
2024-08;"Occitanie";"Gross consumption";2,874245495658
2024-09;"Occitanie";"Gross consumption";2,498966971963
2024-10;"Occitanie";"Gross consumption";2,627198048634
2024-11;"Occitanie";"Gross consumption";3,003424111028
2024-12;"Occitanie";"Gross consumption";3,903688078155
2025-01;"Occitanie";"Gross consumption";4,031510647261
2025-02;"Occitanie";"Gross consumption";3,349479379063
2025-03;"Occitanie";"Gross consumption";3,338602890923
2025-04;"Occitanie";"Gross consumption";2,663593836821
2025-05;"Occitanie";"Gross consumption";2,496189954277
2025-06;"Occitanie";"Gross consumption";2,729001591637
2025-07;"Occitanie";"Gross consumption";2,980736206638
2025-08;"Occitanie";"Gross consumption";2,895954368967
2025-09;"Occitanie";"Gross consumption";2,539361716579
2025-10;"Occitanie";"Gross consumption";2,620413331439
2025-11;"Occitanie";"Gross consumption";3,166637125927
2025-12;"Occitanie";"Gross consumption";3,666862289362
2026-01;"Occitanie";"Gross consumption";4,299443488334
2026-02;"Occitanie";"Gross consumption";3,288610428986
2026-03;"Occitanie";"Gross consumption";3,276234226307
2026-04;"Occitanie";"Gross consumption";2,613258063546
2026-05;"Occitanie";"Gross consumption";2,562297600533
2026-06;"Occitanie";"Gross consumption";2,790559243196
2026-07;"Occitanie";"Gross consumption";3,271404551465
2014-01;"Auvergne-Rhône-Alpes";"Gross consumption";6,614023518469
2014-02;"Auvergne-Rhône-Alpes";"Gross consumption";5,971238966855
2014-03;"Auvergne-Rhône-Alpes";"Gross consumption";5,89449329182
2014-04;"Auvergne-Rhône-Alpes";"Gross consumption";5,045286348927
2014-05;"Auvergne-Rhône-Alpes";"Gross consumption";4,770342121277
2014-06;"Auvergne-Rhône-Alpes";"Gross consumption";4,517271827406
2014-07;"Auvergne-Rhône-Alpes";"Gross consumption";4,720235436844
2014-08;"Auvergne-Rhône-Alpes";"Gross consumption";4,202266731407
2014-09;"Auvergne-Rhône-Alpes";"Gross consumption";4,625125072899
2014-10;"Auvergne-Rhône-Alpes";"Gross consumption";5,00387646982
2014-11;"Auvergne-Rhône-Alpes";"Gross consumption";5,570732168321
2014-12;"Auvergne-Rhône-Alpes";"Gross consumption";6,617877572904
2015-01;"Auvergne-Rhône-Alpes";"Gross consumption";7,026044850151
2015-02;"Auvergne-Rhône-Alpes";"Gross consumption";6,600431724479
2015-03;"Auvergne-Rhône-Alpes";"Gross consumption";6,263305119535
2015-04;"Auvergne-Rhône-Alpes";"Gross consumption";5,195535546567
2015-05;"Auvergne-Rhône-Alpes";"Gross consumption";4,738601828086
2015-06;"Auvergne-Rhône-Alpes";"Gross consumption";4,930204202243
2015-07;"Auvergne-Rhône-Alpes";"Gross consumption";5,005648495561
2015-08;"Auvergne-Rhône-Alpes";"Gross consumption";4,404973457716
2015-09;"Auvergne-Rhône-Alpes";"Gross consumption";4,688121812594
2015-10;"Auvergne-Rhône-Alpes";"Gross consumption";5,524149467782
2015-11;"Auvergne-Rhône-Alpes";"Gross consumption";5,722481752817
2015-12;"Auvergne-Rhône-Alpes";"Gross consumption";6,15674763415
2016-01;"Auvergne-Rhône-Alpes";"Gross consumption";6,797526679265
2016-02;"Auvergne-Rhône-Alpes";"Gross consumption";6,366733723066
2016-03;"Auvergne-Rhône-Alpes";"Gross consumption";6,527884810333
2016-04;"Auvergne-Rhône-Alpes";"Gross consumption";5,325872653878
2016-05;"Auvergne-Rhône-Alpes";"Gross consumption";4,882199532887
2016-06;"Auvergne-Rhône-Alpes";"Gross consumption";4,568499373201
2016-07;"Auvergne-Rhône-Alpes";"Gross consumption";4,719651074054
2016-08;"Auvergne-Rhône-Alpes";"Gross consumption";4,380218599546
2016-09;"Auvergne-Rhône-Alpes";"Gross consumption";4,620272128146
2016-10;"Auvergne-Rhône-Alpes";"Gross consumption";5,394341060176
2016-11;"Auvergne-Rhône-Alpes";"Gross consumption";5,998804114557
2016-12;"Auvergne-Rhône-Alpes";"Gross consumption";7,018431780354
2017-01;"Auvergne-Rhône-Alpes";"Gross consumption";7,883000288867
2017-02;"Auvergne-Rhône-Alpes";"Gross consumption";5,988620896716
2017-03;"Auvergne-Rhône-Alpes";"Gross consumption";5,871428041711
2017-04;"Auvergne-Rhône-Alpes";"Gross consumption";5,078804496629
2017-05;"Auvergne-Rhône-Alpes";"Gross consumption";4,898277249829
2017-06;"Auvergne-Rhône-Alpes";"Gross consumption";4,674272428646
2017-07;"Auvergne-Rhône-Alpes";"Gross consumption";4,776950538389
2017-08;"Auvergne-Rhône-Alpes";"Gross consumption";4,427704976506
2017-09;"Auvergne-Rhône-Alpes";"Gross consumption";4,690502362999
2017-10;"Auvergne-Rhône-Alpes";"Gross consumption";5,071647467021
2017-11;"Auvergne-Rhône-Alpes";"Gross consumption";6,216604595125
2017-12;"Auvergne-Rhône-Alpes";"Gross consumption";7,081894796973
2018-01;"Auvergne-Rhône-Alpes";"Gross consumption";6,61737795032
2018-02;"Auvergne-Rhône-Alpes";"Gross consumption";6,762497866321
2018-03;"Auvergne-Rhône-Alpes";"Gross consumption";6,612207751975
2018-04;"Auvergne-Rhône-Alpes";"Gross consumption";5,039306288281
2018-05;"Auvergne-Rhône-Alpes";"Gross consumption";4,781256092929
2018-06;"Auvergne-Rhône-Alpes";"Gross consumption";4,615016381168
2018-07;"Auvergne-Rhône-Alpes";"Gross consumption";4,908186811085
2018-08;"Auvergne-Rhône-Alpes";"Gross consumption";4,479602806147
2018-09;"Auvergne-Rhône-Alpes";"Gross consumption";4,59567527767
2018-10;"Auvergne-Rhône-Alpes";"Gross consumption";5,186147379074
2018-11;"Auvergne-Rhône-Alpes";"Gross consumption";5,856738767501
2018-12;"Auvergne-Rhône-Alpes";"Gross consumption";6,548425436821
2019-01;"Auvergne-Rhône-Alpes";"Gross consumption";7,454677032389
2019-02;"Auvergne-Rhône-Alpes";"Gross consumption";6,126222661777
2019-03;"Auvergne-Rhône-Alpes";"Gross consumption";5,943022343402
2019-04;"Auvergne-Rhône-Alpes";"Gross consumption";5,187848536063
2019-05;"Auvergne-Rhône-Alpes";"Gross consumption";4,95967429326
2019-06;"Auvergne-Rhône-Alpes";"Gross consumption";4,535911690483
2019-07;"Auvergne-Rhône-Alpes";"Gross consumption";4,830675728261
2019-08;"Auvergne-Rhône-Alpes";"Gross consumption";4,30152257722
2019-09;"Auvergne-Rhône-Alpes";"Gross consumption";4,465053570147
2019-10;"Auvergne-Rhône-Alpes";"Gross consumption";4,841413368472
2019-11;"Auvergne-Rhône-Alpes";"Gross consumption";5,688890637695
2019-12;"Auvergne-Rhône-Alpes";"Gross consumption";6,169633635075
2020-01;"Auvergne-Rhône-Alpes";"Gross consumption";6,71380611575
2020-02;"Auvergne-Rhône-Alpes";"Gross consumption";5,907656913286
2020-03;"Auvergne-Rhône-Alpes";"Gross consumption";5,421802902139
2020-04;"Auvergne-Rhône-Alpes";"Gross consumption";4,156369923265
2020-05;"Auvergne-Rhône-Alpes";"Gross consumption";4,198095459613
2020-06;"Auvergne-Rhône-Alpes";"Gross consumption";4,26583786715
2020-07;"Auvergne-Rhône-Alpes";"Gross consumption";4,533361385279
2020-08;"Auvergne-Rhône-Alpes";"Gross consumption";4,200873698701
2020-09;"Auvergne-Rhône-Alpes";"Gross consumption";4,45396887454
2020-10;"Auvergne-Rhône-Alpes";"Gross consumption";5,221844116951
2020-11;"Auvergne-Rhône-Alpes";"Gross consumption";5,38031570866
2020-12;"Auvergne-Rhône-Alpes";"Gross consumption";6,385286312747
2021-01;"Auvergne-Rhône-Alpes";"Gross consumption";7,08763419779
2021-02;"Auvergne-Rhône-Alpes";"Gross consumption";5,668906494002
2021-03;"Auvergne-Rhône-Alpes";"Gross consumption";5,970297103558
2021-04;"Auvergne-Rhône-Alpes";"Gross consumption";5,100480465989
2021-05;"Auvergne-Rhône-Alpes";"Gross consumption";4,820930597918
2021-06;"Auvergne-Rhône-Alpes";"Gross consumption";4,506074724422
2021-07;"Auvergne-Rhône-Alpes";"Gross consumption";4,5664523038
2021-08;"Auvergne-Rhône-Alpes";"Gross consumption";4,200908109691
2021-09;"Auvergne-Rhône-Alpes";"Gross consumption";4,475527982541
2021-10;"Auvergne-Rhône-Alpes";"Gross consumption";5,178281622033
2021-11;"Auvergne-Rhône-Alpes";"Gross consumption";6,078520556294
2021-12;"Auvergne-Rhône-Alpes";"Gross consumption";6,993220457857
2022-01;"Auvergne-Rhône-Alpes";"Gross consumption";7,47470859775
2022-02;"Auvergne-Rhône-Alpes";"Gross consumption";6,153113414966
2022-03;"Auvergne-Rhône-Alpes";"Gross consumption";6,030372302904
2022-04;"Auvergne-Rhône-Alpes";"Gross consumption";5,169604429286
2022-05;"Auvergne-Rhône-Alpes";"Gross consumption";4,624402061514
2022-06;"Auvergne-Rhône-Alpes";"Gross consumption";4,621762554556
2022-07;"Auvergne-Rhône-Alpes";"Gross consumption";4,81947701036
2022-08;"Auvergne-Rhône-Alpes";"Gross consumption";4,429041258348
2022-09;"Auvergne-Rhône-Alpes";"Gross consumption";4,528086082777
2022-10;"Auvergne-Rhône-Alpes";"Gross consumption";4,553195052643
2022-11;"Auvergne-Rhône-Alpes";"Gross consumption";5,202311406113
2022-12;"Auvergne-Rhône-Alpes";"Gross consumption";6,241865041156
2023-01;"Auvergne-Rhône-Alpes";"Gross consumption";6,51005029025
2023-02;"Auvergne-Rhône-Alpes";"Gross consumption";5,731633281129
2023-03;"Auvergne-Rhône-Alpes";"Gross consumption";5,559471965807
2023-04;"Auvergne-Rhône-Alpes";"Gross consumption";4,976677385385
2023-05;"Auvergne-Rhône-Alpes";"Gross consumption";4,495642293284
2023-06;"Auvergne-Rhône-Alpes";"Gross consumption";4,376190860819
2023-07;"Auvergne-Rhône-Alpes";"Gross consumption";4,590780151409
2023-08;"Auvergne-Rhône-Alpes";"Gross consumption";4,28247667513
2023-09;"Auvergne-Rhône-Alpes";"Gross consumption";4,361278901373
2023-10;"Auvergne-Rhône-Alpes";"Gross consumption";4,555979975546
2023-11;"Auvergne-Rhône-Alpes";"Gross consumption";5,43812163154
2023-12;"Auvergne-Rhône-Alpes";"Gross consumption";6,073916803192
2024-01;"Auvergne-Rhône-Alpes";"Gross consumption";6,574431016442
2024-02;"Auvergne-Rhône-Alpes";"Gross consumption";5,601134356733
2024-03;"Auvergne-Rhône-Alpes";"Gross consumption";5,578610189137
2024-04;"Auvergne-Rhône-Alpes";"Gross consumption";5,051813976915
2024-05;"Auvergne-Rhône-Alpes";"Gross consumption";4,644772307451
2024-06;"Auvergne-Rhône-Alpes";"Gross consumption";4,433172235372
2024-07;"Auvergne-Rhône-Alpes";"Gross consumption";4,705240779144
2024-08;"Auvergne-Rhône-Alpes";"Gross consumption";4,392440294385
2024-09;"Auvergne-Rhône-Alpes";"Gross consumption";4,476357892207
2024-10;"Auvergne-Rhône-Alpes";"Gross consumption";4,806131524549
2024-11;"Auvergne-Rhône-Alpes";"Gross consumption";5,469524469667
2024-12;"Auvergne-Rhône-Alpes";"Gross consumption";6,550731833441
2025-01;"Auvergne-Rhône-Alpes";"Gross consumption";6,744478635571
2025-02;"Auvergne-Rhône-Alpes";"Gross consumption";5,791009716154
2025-03;"Auvergne-Rhône-Alpes";"Gross consumption";5,681253009806
2025-04;"Auvergne-Rhône-Alpes";"Gross consumption";4,790577235187
2025-05;"Auvergne-Rhône-Alpes";"Gross consumption";4,530688614112
2025-06;"Auvergne-Rhône-Alpes";"Gross consumption";4,536618141028
2025-07;"Auvergne-Rhône-Alpes";"Gross consumption";4,679547095594
2025-08;"Auvergne-Rhône-Alpes";"Gross consumption";4,313982627385
2025-09;"Auvergne-Rhône-Alpes";"Gross consumption";4,437034680636
2025-10;"Auvergne-Rhône-Alpes";"Gross consumption";4,987301553683
2025-11;"Auvergne-Rhône-Alpes";"Gross consumption";5,641642834199
2025-12;"Auvergne-Rhône-Alpes";"Gross consumption";6,271015352026
2026-01;"Auvergne-Rhône-Alpes";"Gross consumption";7,03005356249
2026-02;"Auvergne-Rhône-Alpes";"Gross consumption";5,666103260975
2026-03;"Auvergne-Rhône-Alpes";"Gross consumption";5,823826455322
2026-04;"Auvergne-Rhône-Alpes";"Gross consumption";4,741430864159
2026-05;"Auvergne-Rhône-Alpes";"Gross consumption";4,604241541041
2026-06;"Auvergne-Rhône-Alpes";"Gross consumption";4,696372107053
2026-07;"Auvergne-Rhône-Alpes";"Gross consumption";4,895578551268
2014-01;"Provence-Alpes-Côte d'Azur";"Gross consumption";4,216384112865
2014-02;"Provence-Alpes-Côte d'Azur";"Gross consumption";3,835510183639
2014-03;"Provence-Alpes-Côte d'Azur";"Gross consumption";3,589508563506
2014-04;"Provence-Alpes-Côte d'Azur";"Gross consumption";2,969621340106
2014-05;"Provence-Alpes-Côte d'Azur";"Gross consumption";2,864237225507
2014-06;"Provence-Alpes-Côte d'Azur";"Gross consumption";2,828624672999
2014-07;"Provence-Alpes-Côte d'Azur";"Gross consumption";3,078709216215
2014-08;"Provence-Alpes-Côte d'Azur";"Gross consumption";2,981688284915
2014-09;"Provence-Alpes-Côte d'Azur";"Gross consumption";2,858338397419
2014-10;"Provence-Alpes-Côte d'Azur";"Gross consumption";2,919941140956
2014-11;"Provence-Alpes-Côte d'Azur";"Gross consumption";3,316476295189
2014-12;"Provence-Alpes-Côte d'Azur";"Gross consumption";4,071276559739
2015-01;"Provence-Alpes-Côte d'Azur";"Gross consumption";4,412193634976
2015-02;"Provence-Alpes-Côte d'Azur";"Gross consumption";4,127793596612
2015-03;"Provence-Alpes-Côte d'Azur";"Gross consumption";3,773690241726
2015-04;"Provence-Alpes-Côte d'Azur";"Gross consumption";3,031276125477
2015-05;"Provence-Alpes-Côte d'Azur";"Gross consumption";2,77279239232
2015-06;"Provence-Alpes-Côte d'Azur";"Gross consumption";2,826050019203
2015-07;"Provence-Alpes-Côte d'Azur";"Gross consumption";3,340096993927
2015-08;"Provence-Alpes-Côte d'Azur";"Gross consumption";3,108047920712
2015-09;"Provence-Alpes-Côte d'Azur";"Gross consumption";2,868507618283
2015-10;"Provence-Alpes-Côte d'Azur";"Gross consumption";3,154908890917
2015-11;"Provence-Alpes-Côte d'Azur";"Gross consumption";3,455135024317
2015-12;"Provence-Alpes-Côte d'Azur";"Gross consumption";3,886806440004
2016-01;"Provence-Alpes-Côte d'Azur";"Gross consumption";4,317718712178
2016-02;"Provence-Alpes-Côte d'Azur";"Gross consumption";3,864302490282
2016-03;"Provence-Alpes-Côte d'Azur";"Gross consumption";3,881314559216
2016-04;"Provence-Alpes-Côte d'Azur";"Gross consumption";3,066451201299
2016-05;"Provence-Alpes-Côte d'Azur";"Gross consumption";2,910058450237
2016-06;"Provence-Alpes-Côte d'Azur";"Gross consumption";2,81778431887
2016-07;"Provence-Alpes-Côte d'Azur";"Gross consumption";3,17437733144
2016-08;"Provence-Alpes-Côte d'Azur";"Gross consumption";3,078226993011
2016-09;"Provence-Alpes-Côte d'Azur";"Gross consumption";2,97165640353
2016-10;"Provence-Alpes-Côte d'Azur";"Gross consumption";3,148601104558
2016-11;"Provence-Alpes-Côte d'Azur";"Gross consumption";3,609874502655
2016-12;"Provence-Alpes-Côte d'Azur";"Gross consumption";4,125359980476
2017-01;"Provence-Alpes-Côte d'Azur";"Gross consumption";4,719705615272
2017-02;"Provence-Alpes-Côte d'Azur";"Gross consumption";3,560442792524
2017-03;"Provence-Alpes-Côte d'Azur";"Gross consumption";3,478597534991
2017-04;"Provence-Alpes-Côte d'Azur";"Gross consumption";3,008995822499
2017-05;"Provence-Alpes-Côte d'Azur";"Gross consumption";2,995776376463
2017-06;"Provence-Alpes-Côte d'Azur";"Gross consumption";3,018943825082
2017-07;"Provence-Alpes-Côte d'Azur";"Gross consumption";3,202254501608
2017-08;"Provence-Alpes-Côte d'Azur";"Gross consumption";3,179856471234
2017-09;"Provence-Alpes-Côte d'Azur";"Gross consumption";2,875449697969
2017-10;"Provence-Alpes-Côte d'Azur";"Gross consumption";2,940627826909
2017-11;"Provence-Alpes-Côte d'Azur";"Gross consumption";3,67062625612
2017-12;"Provence-Alpes-Côte d'Azur";"Gross consumption";4,592513871753
2018-01;"Provence-Alpes-Côte d'Azur";"Gross consumption";4,026247064699
2018-02;"Provence-Alpes-Côte d'Azur";"Gross consumption";4,193824958487
2018-03;"Provence-Alpes-Côte d'Azur";"Gross consumption";4,032057074425
2018-04;"Provence-Alpes-Côte d'Azur";"Gross consumption";3,073533295607
2018-05;"Provence-Alpes-Côte d'Azur";"Gross consumption";2,872349822803
2018-06;"Provence-Alpes-Côte d'Azur";"Gross consumption";2,847624327364
2018-07;"Provence-Alpes-Côte d'Azur";"Gross consumption";3,200101572662
2018-08;"Provence-Alpes-Côte d'Azur";"Gross consumption";3,124949357465
2018-09;"Provence-Alpes-Côte d'Azur";"Gross consumption";2,782432469077
2018-10;"Provence-Alpes-Côte d'Azur";"Gross consumption";2,840640157491
2018-11;"Provence-Alpes-Côte d'Azur";"Gross consumption";3,424721215238
2018-12;"Provence-Alpes-Côte d'Azur";"Gross consumption";4,086627298708
2019-01;"Provence-Alpes-Côte d'Azur";"Gross consumption";4,665108120512
2019-02;"Provence-Alpes-Côte d'Azur";"Gross consumption";3,782654654633
2019-03;"Provence-Alpes-Côte d'Azur";"Gross consumption";3,466067783194
2019-04;"Provence-Alpes-Côte d'Azur";"Gross consumption";3,242797558012
2019-05;"Provence-Alpes-Côte d'Azur";"Gross consumption";2,976702075584
2019-06;"Provence-Alpes-Côte d'Azur";"Gross consumption";2,908518427198
2019-07;"Provence-Alpes-Côte d'Azur";"Gross consumption";3,317822181632
2019-08;"Provence-Alpes-Côte d'Azur";"Gross consumption";3,184820136385
2019-09;"Provence-Alpes-Côte d'Azur";"Gross consumption";2,849304609553
2019-10;"Provence-Alpes-Côte d'Azur";"Gross consumption";2,887833425146
2019-11;"Provence-Alpes-Côte d'Azur";"Gross consumption";3,654636981373
2019-12;"Provence-Alpes-Côte d'Azur";"Gross consumption";3,904440961369
2020-01;"Provence-Alpes-Côte d'Azur";"Gross consumption";4,193112178989
2020-02;"Provence-Alpes-Côte d'Azur";"Gross consumption";3,609044648617
2020-03;"Provence-Alpes-Côte d'Azur";"Gross consumption";3,484637466075
2020-04;"Provence-Alpes-Côte d'Azur";"Gross consumption";2,723195296385
2020-05;"Provence-Alpes-Côte d'Azur";"Gross consumption";2,567542840393
2020-06;"Provence-Alpes-Côte d'Azur";"Gross consumption";2,682574314466
2020-07;"Provence-Alpes-Côte d'Azur";"Gross consumption";3,103277341461
2020-08;"Provence-Alpes-Côte d'Azur";"Gross consumption";3,115660468291
2020-09;"Provence-Alpes-Côte d'Azur";"Gross consumption";2,820934163871
2020-10;"Provence-Alpes-Côte d'Azur";"Gross consumption";3,128148825119
2020-11;"Provence-Alpes-Côte d'Azur";"Gross consumption";3,269735987772
2020-12;"Provence-Alpes-Côte d'Azur";"Gross consumption";4,143276657405
2021-01;"Provence-Alpes-Côte d'Azur";"Gross consumption";4,585613081606
2021-02;"Provence-Alpes-Côte d'Azur";"Gross consumption";3,528358793855
2021-03;"Provence-Alpes-Côte d'Azur";"Gross consumption";3,626406400061
2021-04;"Provence-Alpes-Côte d'Azur";"Gross consumption";3,223102847202
2021-05;"Provence-Alpes-Côte d'Azur";"Gross consumption";2,938175032847
2021-06;"Provence-Alpes-Côte d'Azur";"Gross consumption";2,909050200791
2021-07;"Provence-Alpes-Côte d'Azur";"Gross consumption";3,22271436396
2021-08;"Provence-Alpes-Côte d'Azur";"Gross consumption";3,11727700891
2021-09;"Provence-Alpes-Côte d'Azur";"Gross consumption";2,894391719267
2021-10;"Provence-Alpes-Côte d'Azur";"Gross consumption";2,996499454802
2021-11;"Provence-Alpes-Côte d'Azur";"Gross consumption";3,575473575168
2021-12;"Provence-Alpes-Côte d'Azur";"Gross consumption";4,428490265168
2022-01;"Provence-Alpes-Côte d'Azur";"Gross consumption";4,486260707369
2022-02;"Provence-Alpes-Côte d'Azur";"Gross consumption";3,586255374534
2022-03;"Provence-Alpes-Côte d'Azur";"Gross consumption";3,774494291823
2022-04;"Provence-Alpes-Côte d'Azur";"Gross consumption";3,063339528468
2022-05;"Provence-Alpes-Côte d'Azur";"Gross consumption";2,858155760189
2022-06;"Provence-Alpes-Côte d'Azur";"Gross consumption";3,018102900577
2022-07;"Provence-Alpes-Côte d'Azur";"Gross consumption";3,449753000405
2022-08;"Provence-Alpes-Côte d'Azur";"Gross consumption";3,29572195004
2022-09;"Provence-Alpes-Côte d'Azur";"Gross consumption";2,8223163018
2022-10;"Provence-Alpes-Côte d'Azur";"Gross consumption";2,691591729986
2022-11;"Provence-Alpes-Côte d'Azur";"Gross consumption";3,031281336723
2022-12;"Provence-Alpes-Côte d'Azur";"Gross consumption";3,781953594977
2023-01;"Provence-Alpes-Côte d'Azur";"Gross consumption";4,09867397805
2023-02;"Provence-Alpes-Côte d'Azur";"Gross consumption";3,662420834817
2023-03;"Provence-Alpes-Côte d'Azur";"Gross consumption";3,344618110859
2023-04;"Provence-Alpes-Côte d'Azur";"Gross consumption";2,901535164444
2023-05;"Provence-Alpes-Côte d'Azur";"Gross consumption";2,792465562441
2023-06;"Provence-Alpes-Côte d'Azur";"Gross consumption";2,829572053873
2023-07;"Provence-Alpes-Côte d'Azur";"Gross consumption";3,263747923115
2023-08;"Provence-Alpes-Côte d'Azur";"Gross consumption";3,159868875144
2023-09;"Provence-Alpes-Côte d'Azur";"Gross consumption";2,84915734532
2023-10;"Provence-Alpes-Côte d'Azur";"Gross consumption";2,725514144831
2023-11;"Provence-Alpes-Côte d'Azur";"Gross consumption";3,215510945891
2023-12;"Provence-Alpes-Côte d'Azur";"Gross consumption";3,855646822529
2024-01;"Provence-Alpes-Côte d'Azur";"Gross consumption";3,979005220254
2024-02;"Provence-Alpes-Côte d'Azur";"Gross consumption";3,40637900469
2024-03;"Provence-Alpes-Côte d'Azur";"Gross consumption";3,331176266722
2024-04;"Provence-Alpes-Côte d'Azur";"Gross consumption";2,896265754491
2024-05;"Provence-Alpes-Côte d'Azur";"Gross consumption";2,735393756824
2024-06;"Provence-Alpes-Côte d'Azur";"Gross consumption";2,724279265048
2024-07;"Provence-Alpes-Côte d'Azur";"Gross consumption";3,178123882917
2024-08;"Provence-Alpes-Côte d'Azur";"Gross consumption";3,269386433402
2024-09;"Provence-Alpes-Côte d'Azur";"Gross consumption";2,722672985084
2024-10;"Provence-Alpes-Côte d'Azur";"Gross consumption";2,764776028669
2024-11;"Provence-Alpes-Côte d'Azur";"Gross consumption";3,128532655115
2024-12;"Provence-Alpes-Côte d'Azur";"Gross consumption";3,994143198035
2025-01;"Provence-Alpes-Côte d'Azur";"Gross consumption";3,990058431069
2025-02;"Provence-Alpes-Côte d'Azur";"Gross consumption";3,443164415658
2025-03;"Provence-Alpes-Côte d'Azur";"Gross consumption";3,500564455137
2025-04;"Provence-Alpes-Côte d'Azur";"Gross consumption";2,887297884891
2025-05;"Provence-Alpes-Côte d'Azur";"Gross consumption";2,766722770939
2025-06;"Provence-Alpes-Côte d'Azur";"Gross consumption";3,028113557668
2025-07;"Provence-Alpes-Côte d'Azur";"Gross consumption";3,287409649029
2025-08;"Provence-Alpes-Côte d'Azur";"Gross consumption";3,220370888902
2025-09;"Provence-Alpes-Côte d'Azur";"Gross consumption";2,762202946027
2025-10;"Provence-Alpes-Côte d'Azur";"Gross consumption";2,74914342729
2025-11;"Provence-Alpes-Côte d'Azur";"Gross consumption";3,246642922438
2025-12;"Provence-Alpes-Côte d'Azur";"Gross consumption";3,702936630605
2026-01;"Provence-Alpes-Côte d'Azur";"Gross consumption";4,212331261067
2026-02;"Provence-Alpes-Côte d'Azur";"Gross consumption";3,4356401758
2026-03;"Provence-Alpes-Côte d'Azur";"Gross consumption";3,439657554179
2026-04;"Provence-Alpes-Côte d'Azur";"Gross consumption";2,793377275792
2026-05;"Provence-Alpes-Côte d'Azur";"Gross consumption";2,797425423538
2026-06;"Provence-Alpes-Côte d'Azur";"Gross consumption";3,025406915609
2026-07;"Provence-Alpes-Côte d'Azur";"Gross consumption";3,5547786803
2014-01;"Corse";"Gross consumption";0,242743238
2014-02;"Corse";"Gross consumption";0,208985613
2014-03;"Corse";"Gross consumption";0,211587077
2014-04;"Corse";"Gross consumption";0,156870509
2014-05;"Corse";"Gross consumption";0,138330861
2014-06;"Corse";"Gross consumption";0,147829448
2014-07;"Corse";"Gross consumption";0,17362964
2014-08;"Corse";"Gross consumption";0,182890125
2014-09;"Corse";"Gross consumption";0,153523243
2014-10;"Corse";"Gross consumption";0,14894554
2014-11;"Corse";"Gross consumption";0,162836772
2014-12;"Corse";"Gross consumption";0,172149815
2015-01;"Corse";"Gross consumption";0,239848297
2015-02;"Corse";"Gross consumption";0,228287512
2015-03;"Corse";"Gross consumption";0,213009287
2015-04;"Corse";"Gross consumption";0,1627424
2015-05;"Corse";"Gross consumption";0,141524715
2015-06;"Corse";"Gross consumption";0,153433888
2015-07;"Corse";"Gross consumption";0,20172211
2015-08;"Corse";"Gross consumption";0,190950337
2015-09;"Corse";"Gross consumption";0,155346205
2015-10;"Corse";"Gross consumption";0,150706599
2015-11;"Corse";"Gross consumption";0,173320424
2015-12;"Corse";"Gross consumption";0,215706648
2016-01;"Corse";"Gross consumption";0,231394119
2016-02;"Corse";"Gross consumption";0,2029947
2016-03;"Corse";"Gross consumption";0,211398753
2016-04;"Corse";"Gross consumption";0,157831119
2016-05;"Corse";"Gross consumption";0,15458546
2016-06;"Corse";"Gross consumption";0,151271816
2016-07;"Corse";"Gross consumption";0,185466295
2016-08;"Corse";"Gross consumption";0,188246478
2016-09;"Corse";"Gross consumption";0,159544132
2016-10;"Corse";"Gross consumption";0,15325749
2016-11;"Corse";"Gross consumption";0,179197607
2016-12;"Corse";"Gross consumption";0,220835614
2017-01;"Corse";"Gross consumption";0,266214055
2017-02;"Corse";"Gross consumption";0,200111049
2017-03;"Corse";"Gross consumption";0,188355652
2017-04;"Corse";"Gross consumption";0,162156855
2017-05;"Corse";"Gross consumption";0,153517116
2017-06;"Corse";"Gross consumption";0,164408425
2017-07;"Corse";"Gross consumption";0,192419988
2017-08;"Corse";"Gross consumption";0,203503066
2017-09;"Corse";"Gross consumption";0,155768719
2017-10;"Corse";"Gross consumption";0,148727606
2017-11;"Corse";"Gross consumption";0,193094396
2017-12;"Corse";"Gross consumption";0,254170954
2018-01;"Corse";"Gross consumption";0,219794987
2018-02;"Corse";"Gross consumption";0,234619336
2018-03;"Corse";"Gross consumption";0,230325065
2018-04;"Corse";"Gross consumption";0,166929596
2018-05;"Corse";"Gross consumption";0,159302907
2018-06;"Corse";"Gross consumption";0,154370427
2018-07;"Corse";"Gross consumption";0,196273271
2018-08;"Corse";"Gross consumption";0,206397694
2018-09;"Corse";"Gross consumption";0,160147087
2018-10;"Corse";"Gross consumption";0,150663001
2018-11;"Corse";"Gross consumption";0,178291714
2018-12;"Corse";"Gross consumption";0,224128437
2019-01;"Corse";"Gross consumption";0,25883759
2019-02;"Corse";"Gross consumption";0,220431092
2019-03;"Corse";"Gross consumption";0,195843736
2019-04;"Corse";"Gross consumption";0,18726726
2019-05;"Corse";"Gross consumption";0,174680538
2019-06;"Corse";"Gross consumption";0,16750155
2019-07;"Corse";"Gross consumption";0,205717431
2019-08;"Corse";"Gross consumption";0,203131722
2019-09;"Corse";"Gross consumption";0,16301607
2019-10;"Corse";"Gross consumption";0,147829239
2019-11;"Corse";"Gross consumption";0,190710262
2019-12;"Corse";"Gross consumption";0,211232864
2020-01;"Corse";"Gross consumption";0,23681338
2020-02;"Corse";"Gross consumption";0,19548923
2020-03;"Corse";"Gross consumption";0,205636377
2020-04;"Corse";"Gross consumption";0,157065985
2020-05;"Corse";"Gross consumption";0,128828909
2020-06;"Corse";"Gross consumption";0,139521716
2020-07;"Corse";"Gross consumption";0,188597994
2020-08;"Corse";"Gross consumption";0,210331638
2020-09;"Corse";"Gross consumption";0,160856325
2020-10;"Corse";"Gross consumption";0,172189095
2020-11;"Corse";"Gross consumption";0,178841131
2020-12;"Corse";"Gross consumption";0,236543374
2021-01;"Corse";"Gross consumption";0,26615484
2021-02;"Corse";"Gross consumption";0,20527512
2021-03;"Corse";"Gross consumption";0,214777311
2021-04;"Corse";"Gross consumption";0,18582199
2021-05;"Corse";"Gross consumption";0,159335795
2021-06;"Corse";"Gross consumption";0,165871352
2021-07;"Corse";"Gross consumption";0,206331976
2021-08;"Corse";"Gross consumption";0,209757736
2021-09;"Corse";"Gross consumption";0,168516431
2021-10;"Corse";"Gross consumption";0,161250048
2021-11;"Corse";"Gross consumption";0,18654899
2021-12;"Corse";"Gross consumption";0,240521913
2022-01;"Corse";"Gross consumption";0,080707280242
2022-02;"Corse";"Gross consumption";0,209473297822
2022-03;"Corse";"Gross consumption";0,22811230111
2022-04;"Corse";"Gross consumption";0,190274509928
2022-05;"Corse";"Gross consumption";0,160937577872
2022-06;"Corse";"Gross consumption";0,182366677957
2022-07;"Corse";"Gross consumption";0,224766697818
2022-08;"Corse";"Gross consumption";0,219582785949
2022-09;"Corse";"Gross consumption";0,17328269009
2022-10;"Corse";"Gross consumption";0,147278662926
2022-11;"Corse";"Gross consumption";0,161248492072
2022-12;"Corse";"Gross consumption";0,203047807936
2023-01;"Corse";"Gross consumption";0,232447392777
2023-02;"Corse";"Gross consumption";0,211845446042
2023-03;"Corse";"Gross consumption";0,188583487932
2023-04;"Corse";"Gross consumption";0,169275722995
2023-05;"Corse";"Gross consumption";0,158640002941
2023-06;"Corse";"Gross consumption";0,167768983152
2023-07;"Corse";"Gross consumption";0,218433709956
2023-08;"Corse";"Gross consumption";0,213550943011
2023-09;"Corse";"Gross consumption";0,169541503034
2023-10;"Corse";"Gross consumption";0,152277593003
2023-11;"Corse";"Gross consumption";0,166550404962
2023-12;"Corse";"Gross consumption";0,212080884911
2024-01;"Corse";"Gross consumption";0,215949835062
2024-02;"Corse";"Gross consumption";0,192797945968
2024-03;"Corse";"Gross consumption";0,188605305164
2024-04;"Corse";"Gross consumption";0,164915382322
2024-05;"Corse";"Gross consumption";0,158700978998
2024-06;"Corse";"Gross consumption";0,165334319993
2024-07;"Corse";"Gross consumption";0,218467003339
2024-08;"Corse";"Gross consumption";0,234999571888
2024-09;"Corse";"Gross consumption";0,169668044134
2024-10;"Corse";"Gross consumption";0,153821590089
2024-11;"Corse";"Gross consumption";0,166073780198
2024-12;"Corse";"Gross consumption";0,226278994735
2025-01;"Corse";"Gross consumption";0,220874040774
2025-02;"Corse";"Gross consumption";0,188100699078
2025-03;"Corse";"Gross consumption";0,192977827249
2025-04;"Corse";"Gross consumption";0,16641610505
2025-05;"Corse";"Gross consumption";0,155380165651
2025-06;"Corse";"Gross consumption";0,185517618902
2025-07;"Corse";"Gross consumption";0,219522769269
2025-08;"Corse";"Gross consumption";0,219422222548
2025-09;"Corse";"Gross consumption";0,17194097297
2025-10;"Corse";"Gross consumption";0,157644542967
2025-11;"Corse";"Gross consumption";0,177530342601
2025-12;"Corse";"Gross consumption";0,211084045283
2026-01;"Corse";"Gross consumption";0,235887155879
2026-02;"Corse";"Gross consumption";0,18750989128
2026-03;"Corse";"Gross consumption";0,189757026526
2026-04;"Corse";"Gross consumption";0,168565074633
2026-05;"Corse";"Gross consumption";0,161602211873
2026-06;"Corse";"Gross consumption";0,185899999391
2026-07;"Corse";"Gross consumption";0,119798620053
